id,user_id,type,ts
1,89,session_start,1752109962
2,195,page_view,1764455724
3,227,page_view,1770947415
4,183,page_view,1765800353
5,60,session_start,1765979723
6,386,action,1763644933
7,240,action,1753297456
8,49,session_start,1768747843
9,185,session_start,1767946603
10,331,session_start,1763871539
11,205,page_view,1767226501
12,168,session_start,1760029268
13,164,session_start,1748801384
14,59,session_start,1768982132
15,5,page_view,1763586596
16,291,page_view,1762860604
17,327,page_view,1766819067
18,15,session_start,1771091298
19,42,page_view,1763552929
20,78,session_start,1768263556
21,322,action,1750903660
22,42,page_view,1760959359
23,358,action,1771296141
24,83,session_start,1768251876
25,264,session_start,1771697071
26,378,page_view,1771267315
27,91,action,1771429913
28,409,action,1761107425
29,77,page_view,1770551626
30,122,page_view,1749533553
31,233,page_view,1772300761
32,254,action,1771727181
33,402,session_start,1758484944
34,58,session_start,1771283639
35,62,action,1770721824
36,368,page_view,1750580220
37,69,page_view,1754021775
38,9,page_view,1770597414
39,350,page_view,1761912233
40,328,action,1752540732
41,205,action,1769864837
42,111,page_view,1772307860
43,88,session_start,1758532543
44,228,action,1768901644
45,148,session_start,1772295958
46,360,page_view,1751755086
47,107,page_view,1771762938
48,72,session_start,1770523733
49,319,session_start,1770009831
50,372,session_start,1769553340
51,36,action,1764955513
52,7,page_view,1761993086
53,252,page_view,1761469800
54,293,session_start,1762517095
55,327,page_view,1759842060
56,54,page_view,1771449833
57,375,action,1770282311
58,24,action,1764799722
59,410,action,1772161029
60,348,action,1770406982
61,229,action,1772151887
62,298,action,1759400787
63,276,page_view,1763518388
64,303,page_view,1762793245
65,310,page_view,1761757431
66,63,action,1772183008
67,203,page_view,1749229858
68,337,page_view,1771171390
69,256,page_view,1758164443
70,304,page_view,1770237723
71,325,session_start,1767646817
72,362,session_start,1765620711
73,195,page_view,1771797793
74,373,page_view,1771030795
75,1,page_view,1771144885
76,278,page_view,1761704964
77,412,action,1764205599
78,242,page_view,1763295121
79,354,action,1769400452
80,77,page_view,1771084421
81,228,session_start,1761916194
82,57,page_view,1769758974
83,167,page_view,1749199250
84,309,action,1771430595
85,25,session_start,1766582675
86,90,session_start,1751800776
87,288,action,1765330596
88,116,page_view,1765910328
89,54,page_view,1771034982
90,395,page_view,1768520557
91,330,page_view,1762016747
92,91,session_start,1767426878
93,369,action,1754030077
94,402,page_view,1751816139
95,195,session_start,1761117153
96,4,page_view,1767136634
97,77,action,1770197321
98,121,session_start,1759613003
99,51,session_start,1763513226
100,109,session_start,1771806144
101,150,session_start,1771144541
102,318,page_view,1763665035
103,309,page_view,1772022978
104,42,action,1760418670
105,184,session_start,1770886443
106,317,action,1771566672
107,300,page_view,1770299590
108,13,action,1769288445
109,347,action,1772106592
110,26,action,1772002589
111,24,session_start,1759149605
112,408,session_start,1766830387
113,112,action,1763002294
114,135,page_view,1749290211
115,69,session_start,1754635426
116,192,session_start,1749546908
117,367,session_start,1761754391
118,405,page_view,1771585339
119,265,page_view,1763102321
120,386,session_start,1750771213
121,151,page_view,1772052199
122,319,page_view,1770764957
123,62,session_start,1767780301
124,43,session_start,1770132670
125,47,page_view,1766394471
126,63,session_start,1772260267
127,148,action,1772113428
128,90,page_view,1760216766
129,203,page_view,1767688516
130,40,page_view,1760040913
131,373,page_view,1772206486
132,42,session_start,1765529073
133,334,page_view,1769202666
134,7,page_view,1754145572
135,138,page_view,1766277677
136,358,session_start,1771907849
137,5,session_start,1760915596
138,54,session_start,1771453690
139,351,page_view,1771199201
140,243,page_view,1750210126
141,52,action,1759932713
142,321,session_start,1764935963
143,129,action,1749470931
144,262,action,1769379819
145,65,page_view,1772086276
146,39,action,1759503046
147,303,action,1765341350
148,191,page_view,1772120450
149,76,page_view,1770320493
150,99,page_view,1769186312
151,137,session_start,1760584770
152,154,page_view,1767133737
153,403,page_view,1749913990
154,357,page_view,1772162004
155,38,page_view,1760636940
156,143,session_start,1771380160
157,323,action,1762602503
158,21,session_start,1772140126
159,201,action,1769021928
160,59,page_view,1769295085
161,254,session_start,1770556691
162,274,action,1771990198
163,380,session_start,1754238800
164,132,action,1753893070
165,329,page_view,1753688079
166,365,session_start,1753228515
167,263,page_view,1765433701
168,370,page_view,1756074493
169,85,session_start,1762396660
170,114,action,1753570778
171,178,session_start,1767745288
172,93,page_view,1769383993
173,294,page_view,1772203370
174,379,session_start,1769602383
175,81,session_start,1750225733
176,241,page_view,1755454390
177,40,action,1770825244
178,283,page_view,1766309535
179,58,page_view,1770245007
180,51,page_view,1769293452
181,85,session_start,1764906131
182,15,page_view,1771264164
183,330,session_start,1766625799
184,274,session_start,1772030895
185,94,session_start,1763315059
186,343,session_start,1764560061
187,253,page_view,1770804172
188,8,action,1769926467
189,206,page_view,1771370917
190,360,session_start,1761749553
191,55,session_start,1772319252
192,160,page_view,1768196260
193,318,action,1763540674
194,204,session_start,1764072493
195,389,page_view,1750998241
196,141,action,1770264448
197,304,action,1760687475
198,258,session_start,1769682884
199,252,page_view,1761959588
200,180,page_view,1768981597
201,316,action,1772108291
202,376,page_view,1762885187
203,336,page_view,1770398658
204,251,page_view,1768378810
205,306,page_view,1768903575
206,374,action,1768230528
207,54,session_start,1772148906
208,180,page_view,1766868865
209,237,action,1759734101
210,247,session_start,1755418181
211,332,page_view,1768298116
212,351,session_start,1770411772
213,215,action,1760327689
214,261,page_view,1765294984
215,257,page_view,1764000615
216,16,action,1761662243
217,269,action,1771346117
218,187,action,1771619216
219,172,page_view,1770807364
220,337,page_view,1766850915
221,57,page_view,1770202472
222,167,session_start,1764672441
223,329,session_start,1758485044
224,406,page_view,1769388366
225,325,page_view,1764197024
226,412,session_start,1767533697
227,273,page_view,1772279127
228,87,page_view,1765252093
229,242,page_view,1763978455
230,237,page_view,1756847018
231,137,session_start,1770233292
232,69,page_view,1757312110
233,372,session_start,1771898442
234,32,action,1752207465
235,147,page_view,1772213792
236,77,session_start,1770681173
237,362,action,1771194796
238,202,page_view,1753752660
239,208,page_view,1770247904
240,337,action,1768021464
241,324,action,1749635494
242,187,page_view,1771380333
243,87,session_start,1766208120
244,407,action,1759965053
245,292,session_start,1758355010
246,239,action,1758072031
247,312,session_start,1763484639
248,322,session_start,1750197409
249,335,action,1769731961
250,281,action,1764044429
251,108,session_start,1764507138
252,164,session_start,1766673344
253,22,page_view,1762320574
254,336,page_view,1771545066
255,174,session_start,1771384348
256,407,session_start,1768610486
257,125,session_start,1761710159
258,215,page_view,1749157817
259,405,page_view,1771057216
260,98,action,1768979908
261,207,session_start,1772054300
262,345,page_view,1762711200
263,386,action,1768244986
264,315,page_view,1772194775
265,392,page_view,1771728233
266,264,page_view,1769962345
267,209,action,1770671432
268,137,session_start,1762521768
269,386,page_view,1755671077
270,235,session_start,1772150952
271,349,page_view,1763694109
272,293,page_view,1760156384
273,323,page_view,1768619961
274,228,page_view,1760889517
275,343,page_view,1769262639
276,270,session_start,1771912673
277,181,action,1769496110
278,286,session_start,1765304310
279,210,page_view,1770999306
280,142,page_view,1761460823
281,379,page_view,1769762958
282,155,session_start,1755722886
283,300,page_view,1769283758
284,328,page_view,1767888212
285,361,action,1771163139
286,292,page_view,1770136481
287,277,page_view,1769537061
288,43,page_view,1770674231
289,241,session_start,1750866314
290,321,session_start,1765282479
291,240,page_view,1755801165
292,232,page_view,1772174965
293,95,page_view,1770005813
294,132,session_start,1763163705
295,239,session_start,1758048869
296,409,session_start,1760991790
297,318,session_start,1753746726
298,307,action,1768921633
299,266,page_view,1768210190
300,33,page_view,1770757534
301,4,session_start,1761286910
302,75,action,1766096132
303,382,session_start,1762854375
304,407,page_view,1761369011
305,409,session_start,1762269655
306,371,action,1769796434
307,155,action,1759033344
308,166,session_start,1755169121
309,207,page_view,1753623927
310,222,page_view,1765215394
311,188,page_view,1768578125
312,99,action,1766558548
313,267,page_view,1765442354
314,136,action,1765735105
315,50,session_start,1758361984
316,214,page_view,1772305576
317,327,session_start,1768547837
318,353,page_view,1770807796
319,74,session_start,1758237749
320,167,page_view,1768648364
321,95,session_start,1768815453
322,92,session_start,1768058363
323,353,page_view,1771485460
324,104,session_start,1771052461
325,176,page_view,1765959908
326,147,page_view,1772305518
327,349,action,1759495168
328,278,action,1770961375
329,325,page_view,1761868437
330,249,session_start,1771820394
331,375,page_view,1763590165
332,29,session_start,1761443780
333,356,page_view,1765478838
334,118,page_view,1767954762
335,213,page_view,1760476797
336,369,session_start,1751234234
337,72,page_view,1752450790
338,132,session_start,1761669395
339,346,page_view,1768499603
340,149,session_start,1772134251
341,371,session_start,1757889796
342,163,session_start,1749268299
343,65,action,1772227658
344,346,page_view,1761319503
345,318,page_view,1754807222
346,336,action,1768776854
347,76,session_start,1760597607
348,280,action,1765430235
349,255,action,1752640810
350,109,action,1772195418
351,140,page_view,1769686975
352,79,action,1762769104
353,397,session_start,1771539000
354,75,session_start,1761589536
355,273,page_view,1772259930
356,82,action,1764089772
357,407,action,1766644734
358,296,page_view,1759593720
359,64,page_view,1771947594
360,113,page_view,1761791227
361,257,session_start,1767158346
362,209,page_view,1758966753
363,122,page_view,1764789356
364,274,action,1771863112
365,325,session_start,1769287983
366,232,session_start,1771890674
367,386,session_start,1753308722
368,347,session_start,1770967102
369,2,session_start,1756486208
370,87,session_start,1766027961
371,294,page_view,1772152192
372,330,action,1770773567
373,130,page_view,1765707085
374,131,page_view,1752409053
375,42,page_view,1771820176
376,213,session_start,1750428558
377,152,page_view,1753506083
378,52,session_start,1764930807
379,151,page_view,1771815611
380,238,session_start,1752419311
381,102,action,1771873210
382,112,session_start,1753890441
383,259,action,1770815671
384,275,session_start,1771625138
385,368,page_view,1750545241
386,237,session_start,1755379642
387,137,session_start,1771623260
388,40,session_start,1764120055
389,115,page_view,1763541564
390,217,session_start,1761842290
391,237,page_view,1766293372
392,388,page_view,1757074593
393,338,session_start,1765023331
394,343,session_start,1766642319
395,213,action,1754975187
396,4,page_view,1759888157
397,319,action,1770624453
398,370,page_view,1764449933
399,162,page_view,1771425235
400,71,session_start,1767296128
401,335,action,1767756839
402,71,page_view,1762594620
403,50,page_view,1766260731
404,291,session_start,1757817965
405,187,page_view,1768517318
406,278,page_view,1750667823
407,55,session_start,1772289095
408,120,action,1761702635
409,318,page_view,1752423945
410,336,page_view,1766118930
411,257,page_view,1769457583
412,124,action,1771940676
413,57,session_start,1771497781
414,354,action,1770796558
415,238,session_start,1761427125
416,243,session_start,1756572454
417,372,session_start,1762328687
418,184,session_start,1771379128
419,106,action,1771776693
420,31,page_view,1765428662
421,52,action,1760995672
422,231,page_view,1772318324
423,132,session_start,1764262358
424,401,session_start,1751619202
425,333,session_start,1758847600
426,142,session_start,1762383229
427,232,session_start,1772203385
428,126,action,1765258895
429,410,page_view,1772124363
430,25,page_view,1755787602
431,72,session_start,1763725358
432,197,action,1755677037
433,229,page_view,1769936455
434,277,session_start,1772227846
435,19,action,1762196610
436,105,page_view,1772309672
437,169,action,1757332115
438,43,page_view,1770038383
439,24,session_start,1750915973
440,206,session_start,1772097135
441,277,page_view,1770708518
442,13,session_start,1750943057
443,80,page_view,1764183093
444,184,page_view,1770870961
445,303,page_view,1767550900
446,72,page_view,1755883111
447,20,page_view,1756450734
448,255,page_view,1768805168
449,314,page_view,1770052150
450,64,page_view,1772105921
451,86,page_view,1763505407
452,90,page_view,1768825374
453,145,session_start,1769672339
454,294,page_view,1772278505
455,374,page_view,1765521578
456,99,page_view,1768046570
457,73,page_view,1763185174
458,253,action,1771679110
459,263,action,1771985827
460,275,action,1770770186
461,409,action,1753992172
462,189,session_start,1772221571
463,173,page_view,1750118756
464,400,session_start,1769802915
465,122,page_view,1755500063
466,124,page_view,1772240771
467,305,session_start,1771651846
468,392,action,1771263138
469,164,session_start,1753004636
470,63,page_view,1772315832
471,351,action,1770404012
472,398,page_view,1772160905
473,11,action,1766792372
474,134,page_view,1771952637
475,250,page_view,1766988117
476,334,action,1751336479
477,189,action,1772281390
478,170,page_view,1758337700
479,184,action,1772039921
480,4,action,1768803196
481,308,action,1769008559
482,109,action,1772180542
483,328,session_start,1752791944
484,260,session_start,1750800939
485,232,session_start,1771425047
486,357,session_start,1772107903
487,198,page_view,1766595332
488,45,page_view,1771810154
489,95,page_view,1767174691
490,381,session_start,1767598451
491,111,session_start,1761473419
492,129,action,1750494647
493,43,session_start,1771520344
494,103,page_view,1767584920
495,166,action,1765071543
496,325,page_view,1757548272
497,282,action,1769515725
498,271,session_start,1760530410
499,11,session_start,1758593175
500,22,session_start,1768625353
501,322,page_view,1755272543
502,385,page_view,1772069764
503,197,page_view,1762873650
504,136,page_view,1767843310
505,249,page_view,1771885635
506,410,action,1771932045
507,362,action,1765184221
508,65,action,1771568209
509,20,page_view,1758599494
510,117,page_view,1748842291
511,105,page_view,1772300733
512,344,session_start,1760494078
513,182,page_view,1770613919
514,223,page_view,1770751969
515,180,action,1766061524
516,13,action,1762733802
517,401,page_view,1758347707
518,129,action,1760652708
519,383,page_view,1765314977
520,331,page_view,1760459096
521,227,session_start,1770561008
522,182,session_start,1763142268
523,241,session_start,1751084101
524,166,page_view,1758404063
525,401,action,1754979912
526,159,page_view,1760306448
527,302,page_view,1772265790
528,6,page_view,1766311333
529,103,page_view,1771161824
530,395,session_start,1753561636
531,107,page_view,1772174052
532,179,page_view,1764501723
533,245,session_start,1761048092
534,325,page_view,1754354847
535,305,session_start,1770056267
536,137,page_view,1765715863
537,268,session_start,1759619984
538,236,page_view,1760326747
539,184,page_view,1771503931
540,85,session_start,1759588279
541,66,page_view,1760626725
542,291,action,1759783725
543,223,session_start,1771644266
544,131,action,1767392882
545,69,session_start,1761944151
546,219,session_start,1754723509
547,392,action,1771661206
548,222,page_view,1771844297
549,391,page_view,1756587238
550,48,action,1754229081
551,264,page_view,1771189143
552,348,page_view,1771750450
553,14,page_view,1768542706
554,251,page_view,1769684888
555,283,session_start,1765994681
556,5,session_start,1767267190
557,21,action,1771908923
558,162,page_view,1769667493
559,174,session_start,1755613430
560,400,action,1770234385
561,93,page_view,1771313951
562,47,page_view,1764396666
563,179,session_start,1764013511
564,178,page_view,1770862890
565,150,page_view,1754085873
566,391,session_start,1755443707
567,246,action,1754150374
568,173,page_view,1753922388
569,247,page_view,1759147780
570,364,action,1758407547
571,144,session_start,1767181729
572,211,page_view,1759357080
573,155,action,1771596576
574,33,page_view,1771700634
575,335,action,1770568143
576,12,page_view,1765361416
577,350,page_view,1761917233
578,295,page_view,1764624162
579,189,session_start,1772153073
580,181,page_view,1769420449
581,135,session_start,1750805684
582,42,page_view,1764374796
583,313,page_view,1761288789
584,238,action,1764976725
585,178,session_start,1770499677
586,339,action,1762700758
587,406,session_start,1769396256
588,76,session_start,1751258507
589,158,page_view,1764007539
590,3,session_start,1772214101
591,121,session_start,1771918502
592,81,page_view,1766309055
593,385,page_view,1760649556
594,164,session_start,1756184105
595,117,page_view,1754204496
596,232,session_start,1771293412
597,151,session_start,1771618037
598,127,page_view,1751645275
599,11,session_start,1771084081
600,383,session_start,1759185215
601,270,session_start,1768897039
602,58,session_start,1772214010
603,15,page_view,1772317451
604,137,action,1771016964
605,263,action,1765754970
606,211,session_start,1751100842
607,394,session_start,1769891086
608,150,session_start,1750035957
609,45,page_view,1771627574
610,307,page_view,1762511852
611,227,page_view,1770749574
612,333,page_view,1769475863
613,398,session_start,1772306678
614,40,page_view,1759606558
615,335,page_view,1771831164
616,61,page_view,1769945363
617,184,page_view,1770968475
618,181,page_view,1770956670
619,382,page_view,1768636373
620,306,session_start,1771540950
621,123,action,1771229082
622,97,action,1771089611
623,313,page_view,1760541026
624,225,page_view,1770130575
625,340,page_view,1770819985
626,251,page_view,1752575953
627,29,page_view,1758859129
628,301,session_start,1768129987
629,125,session_start,1769571579
630,186,page_view,1769798520
631,259,session_start,1768231888
632,106,action,1772031327
633,362,session_start,1762156328
634,315,action,1772214859
635,42,page_view,1760455319
636,164,session_start,1763473716
637,50,session_start,1754173089
638,384,page_view,1766661632
639,361,page_view,1771597210
640,410,action,1772211265
641,253,action,1760590427
642,179,page_view,1765165671
643,47,action,1770748011
644,239,action,1767618773
645,46,session_start,1770880280
646,208,page_view,1760923753
647,305,session_start,1768445260
648,123,action,1767596723
649,220,session_start,1766100526
650,138,page_view,1770746402
651,350,page_view,1767260816
652,332,action,1767521546
653,328,session_start,1771601754
654,388,page_view,1760256521
655,203,action,1761429148
656,110,action,1770407620
657,114,session_start,1761329999
658,29,action,1758131026
659,346,action,1771302695
660,42,session_start,1766326711
661,380,page_view,1762201575
662,148,page_view,1771860977
663,255,session_start,1751247219
664,323,page_view,1771704376
665,90,page_view,1762600875
666,155,session_start,1754618609
667,263,session_start,1766565555
668,256,session_start,1758247456
669,391,session_start,1758195312
670,370,page_view,1749881812
671,9,page_view,1771069026
672,38,session_start,1761245611
673,179,page_view,1764606645
674,94,page_view,1768000360
675,73,action,1752618113
676,384,session_start,1756435962
677,368,action,1759395112
678,363,session_start,1758598653
679,268,page_view,1766381927
680,109,session_start,1772301058
681,136,session_start,1767901504
682,403,session_start,1761361121
683,405,action,1772140906
684,116,session_start,1768581027
685,330,session_start,1765003655
686,97,page_view,1770405379
687,399,session_start,1772171563
688,187,session_start,1771043459
689,318,action,1752594204
690,303,page_view,1764068781
691,45,action,1771735804
692,62,page_view,1771967952
693,135,page_view,1760244383
694,222,page_view,1770840033
695,263,page_view,1762175097
696,133,session_start,1769549447
697,151,session_start,1771681606
698,299,action,1769769362
699,30,session_start,1757647198
700,191,session_start,1771083937
701,147,session_start,1772198204
702,54,page_view,1772225670
703,369,page_view,1753489234
704,249,page_view,1764309841
705,9,page_view,1771200082
706,164,action,1751732459
707,125,session_start,1770923085
708,58,session_start,1770943182
709,352,session_start,1771136954
710,297,session_start,1770533254
711,302,session_start,1770470225
712,79,session_start,1763747013
713,397,page_view,1762374996
714,317,page_view,1771599917
715,115,session_start,1756382351
716,143,page_view,1770011363
717,263,page_view,1763790731
718,203,session_start,1764288072
719,36,page_view,1767109167
720,358,action,1772301172
721,307,page_view,1762195069
722,147,page_view,1772211167
723,365,session_start,1765451253
724,355,action,1767392515
725,1,session_start,1770307342
726,128,page_view,1771913457
727,174,session_start,1752650145
728,50,page_view,1755401546
729,312,action,1762264485
730,236,page_view,1756318159
731,126,page_view,1766684056
732,192,page_view,1771889461
733,348,session_start,1770868821
734,345,session_start,1770171734
735,86,page_view,1771348755
736,107,page_view,1771911580
737,230,action,1763430604
738,226,page_view,1762030219
739,327,session_start,1759841081
740,119,session_start,1756000494
741,37,page_view,1757816354
742,412,action,1767619671
743,408,action,1766480101
744,172,action,1770448927
745,284,page_view,1759208704
746,238,session_start,1752830521
747,324,session_start,1755817474
748,310,session_start,1770348676
749,319,session_start,1772098227
750,211,session_start,1756427678
751,33,action,1766999293
752,71,session_start,1763260956
753,268,session_start,1760147680
754,92,session_start,1754584933
755,19,page_view,1753026346
756,321,action,1770728905
757,45,page_view,1771822229
758,202,action,1760880239
759,288,page_view,1768761080
760,229,page_view,1769685323
761,233,action,1772224694
762,301,page_view,1771162464
763,132,session_start,1758967026
764,408,session_start,1769216384
765,371,page_view,1758977947
766,39,session_start,1764385091
767,366,page_view,1766350390
768,84,page_view,1770736180
769,83,page_view,1761587726
770,135,page_view,1748759917
771,82,session_start,1752328376
772,57,page_view,1771551882
773,296,page_view,1764960144
774,363,session_start,1764101956
775,314,session_start,1771515287
776,23,session_start,1758799609
777,45,session_start,1772300403
778,125,action,1755386714
779,48,session_start,1751594278
780,104,session_start,1771820408
781,163,action,1757096974
782,351,action,1769046967
783,204,action,1756663752
784,147,page_view,1772170496
785,116,page_view,1755557647
786,323,action,1748918663
787,314,action,1771564594
788,150,action,1760726140
789,192,page_view,1762112917
790,199,action,1767009279
791,330,session_start,1769417427
792,111,action,1758488639
793,258,action,1754072099
794,79,session_start,1767350710
795,77,action,1772184417
796,262,session_start,1763754719
797,107,page_view,1771394998
798,147,action,1772322376
799,137,page_view,1770441137
800,402,page_view,1757299171
801,236,session_start,1763331858
802,56,action,1755181168
803,135,page_view,1761018834
804,248,page_view,1772186702
805,267,session_start,1768384220
806,187,page_view,1767860982
807,92,page_view,1755976820
808,250,page_view,1756205157
809,223,session_start,1771813204
810,185,session_start,1769833539
811,387,page_view,1757935218
812,256,page_view,1759922855
813,287,action,1771193559
814,212,session_start,1771946681
815,208,page_view,1765546620
816,201,session_start,1768728900
817,150,session_start,1756122763
818,131,action,1761700427
819,196,session_start,1761384922
820,19,page_view,1769325671
821,43,session_start,1768732172
822,299,session_start,1762314106
823,119,page_view,1770786694
824,224,page_view,1755121303
825,287,session_start,1763931741
826,210,page_view,1770143809
827,369,session_start,1759974728
828,11,action,1764696780
829,208,session_start,1769343934
830,112,session_start,1753028591
831,273,page_view,1772233241
832,291,page_view,1768089974
833,242,action,1758791978
834,318,page_view,1752781288
835,104,action,1769638935
836,246,page_view,1771550500
837,240,action,1754747107
838,36,session_start,1760695073
839,105,page_view,1772308725
840,119,page_view,1763193619
841,77,page_view,1771794329
842,120,page_view,1759835838
843,48,action,1751771855
844,289,action,1761262424
845,19,session_start,1770909862
846,4,page_view,1759951530
847,87,page_view,1770337812
848,45,session_start,1771631053
849,74,action,1755202221
850,135,session_start,1765785853
851,24,page_view,1772139837
852,122,page_view,1766736681
853,54,session_start,1770793731
854,339,session_start,1761058961
855,258,page_view,1750531079
856,289,page_view,1757384222
857,313,session_start,1770781036
858,127,session_start,1760186506
859,68,session_start,1764922427
860,370,page_view,1765016321
861,231,page_view,1772302425
862,279,session_start,1748744648
863,375,page_view,1763305800
864,197,page_view,1756284671
865,12,session_start,1759205438
866,383,action,1761818708
867,167,session_start,1763903433
868,197,session_start,1764821596
869,358,session_start,1772105613
870,142,session_start,1760818454
871,326,page_view,1755460266
872,141,page_view,1770431220
873,382,page_view,1751797993
874,104,session_start,1770516071
875,308,action,1759040620
876,204,session_start,1760608842
877,62,action,1766438349
878,169,action,1764335295
879,239,page_view,1758024782
880,409,page_view,1766909763
881,103,page_view,1768769812
882,151,session_start,1771527486
883,342,session_start,1768977432
884,26,session_start,1762835360
885,95,action,1768419341
886,347,session_start,1771091170
887,264,action,1771968564
888,123,session_start,1770659666
889,199,page_view,1756446719
890,162,page_view,1770651570
891,260,page_view,1769351715
892,234,page_view,1770496303
893,165,page_view,1771202296
894,40,page_view,1770609806
895,99,page_view,1769438640
896,26,page_view,1770897787
897,195,page_view,1763484500
898,394,page_view,1768407491
899,14,page_view,1751751192
900,406,page_view,1768564449
901,236,action,1750759466
902,84,page_view,1769208904
903,80,action,1766044437
904,367,session_start,1770619100
905,343,page_view,1769386871
906,211,session_start,1751761832
907,323,session_start,1764139815
908,131,page_view,1756809393
909,311,session_start,1769876913
910,48,action,1769297008
911,260,page_view,1749808616
912,68,page_view,1751091788
913,233,action,1772321961
914,119,page_view,1765153322
915,205,session_start,1763494979
916,358,page_view,1772271795
917,322,page_view,1754587207
918,295,session_start,1767178064
919,78,page_view,1753289544
920,114,page_view,1754640843
921,381,session_start,1770900543
922,184,session_start,1768946001
923,16,page_view,1757053220
924,54,session_start,1770978564
925,391,session_start,1763054496
926,290,session_start,1771488458
927,214,action,1769959643
928,90,session_start,1764521509
929,31,session_start,1758091160
930,116,session_start,1766408953
931,102,page_view,1771511763
932,90,session_start,1757356684
933,41,session_start,1749301897
934,28,action,1759567381
935,344,session_start,1765384103
936,116,session_start,1770812308
937,312,page_view,1762867137
938,236,session_start,1770352571
939,104,page_view,1771600284
940,328,page_view,1771290446
941,15,page_view,1771653956
942,153,page_view,1766836073
943,156,session_start,1760464949
944,203,page_view,1752839608
945,168,page_view,1765776541
946,48,session_start,1756897129
947,189,page_view,1772028817
948,267,session_start,1767165958
949,182,session_start,1760775772
950,279,page_view,1766434116
951,20,session_start,1749805312
952,85,session_start,1766500940
953,18,session_start,1757662186
954,203,page_view,1750463057
955,23,session_start,1761395304
956,272,page_view,1761246236
957,122,page_view,1768322277
958,328,session_start,1765401398
959,107,action,1772145591
960,39,session_start,1767381156
961,384,action,1756512994
962,44,page_view,1766906055
963,210,page_view,1769537931
964,206,session_start,1770393418
965,381,session_start,1757493956
966,342,action,1755903265
967,130,session_start,1752486243
968,367,page_view,1753665167
969,132,page_view,1762401076
970,97,action,1771569150
971,300,page_view,1771955573
972,387,session_start,1756833135
973,17,page_view,1760970748
974,342,session_start,1755900166
975,135,page_view,1750059978
976,33,action,1772129058
977,346,session_start,1769841536
978,260,page_view,1754202852
979,82,page_view,1753789131
980,1,page_view,1771084152
981,99,page_view,1771009604
982,292,page_view,1764806327
983,9,page_view,1770752691
984,381,action,1750047397
985,274,session_start,1772312437
986,181,page_view,1771411129
987,126,page_view,1764509057
988,195,session_start,1751361792
989,295,action,1762673288
990,243,page_view,1763747249
991,79,session_start,1766471697
992,298,page_view,1752688564
993,118,session_start,1771992954
994,322,page_view,1749696229
995,266,session_start,1769238829
996,81,page_view,1752815891
997,375,page_view,1771431466
998,149,page_view,1771750914
999,150,session_start,1750671943
1000,141,action,1771798766
1001,99,page_view,1768121010
1002,233,action,1772320564
1003,376,page_view,1771314317
1004,43,page_view,1770241417
1005,186,session_start,1770892697
1006,288,page_view,1768380752
1007,394,page_view,1771477432
1008,4,page_view,1758042469
1009,269,page_view,1769964549
1010,63,session_start,1772195685
1011,26,action,1761789050
1012,258,session_start,1750985351
1013,5,session_start,1766688415
1014,229,page_view,1772075548
1015,275,session_start,1772071192
1016,1,action,1771392827
1017,103,session_start,1772313871
1018,396,page_view,1753856009
1019,211,action,1765822058
1020,340,page_view,1766998100
1021,24,session_start,1749527550
1022,112,page_view,1767842858
1023,401,session_start,1760579193
1024,63,session_start,1772247629
1025,3,page_view,1772103044
1026,248,action,1772004754
1027,96,session_start,1770452967
1028,361,page_view,1770873314
1029,80,action,1762572730
1030,18,session_start,1755360211
1031,285,action,1770900620
1032,258,page_view,1765238176
1033,151,action,1771822262
1034,391,page_view,1765739280
1035,113,session_start,1769077514
1036,279,page_view,1763365956
1037,350,session_start,1770122514
1038,83,page_view,1772271791
1039,306,action,1771599064
1040,81,page_view,1770715815
1041,45,session_start,1771641594
1042,12,session_start,1771321472
1043,1,session_start,1770269132
1044,88,session_start,1762716557
1045,228,page_view,1758744735
1046,79,session_start,1756803618
1047,390,session_start,1770049715
1048,269,page_view,1768638229
1049,333,session_start,1759344180
1050,239,session_start,1769336589
1051,249,session_start,1768726391
1052,296,page_view,1770120787
1053,62,action,1771874118
1054,403,action,1764599126
1055,335,session_start,1769741826
1056,6,page_view,1769086140
1057,379,page_view,1758710501
1058,222,session_start,1766098289
1059,218,page_view,1772143244
1060,230,action,1770449294
1061,149,session_start,1772135476
1062,411,page_view,1769156808
1063,325,action,1770809371
1064,159,action,1765756978
1065,250,page_view,1752138776
1066,212,session_start,1753095620
1067,58,page_view,1771400834
1068,354,page_view,1759468310
1069,104,page_view,1769899528
1070,351,action,1770541611
1071,274,session_start,1772169546
1072,7,session_start,1755967000
1073,154,page_view,1755955006
1074,32,page_view,1756956936
1075,101,session_start,1771967310
1076,412,action,1768161189
1077,2,action,1755485980
1078,405,page_view,1771341737
1079,35,session_start,1766929035
1080,374,session_start,1766722979
1081,399,page_view,1771954588
1082,287,page_view,1758384021
1083,21,session_start,1772148075
1084,157,page_view,1770730039
1085,176,page_view,1767370397
1086,243,session_start,1751693858
1087,305,page_view,1771294547
1088,98,action,1752884789
1089,7,page_view,1759257651
1090,152,page_view,1769739382
1091,50,page_view,1755198666
1092,350,page_view,1768401950
1093,72,session_start,1760455076
1094,269,session_start,1769451189
1095,388,action,1756903961
1096,121,session_start,1767557684
1097,182,page_view,1756889807
1098,232,page_view,1771650998
1099,81,page_view,1750198120
1100,217,session_start,1765693525
1101,120,page_view,1751808110
1102,360,session_start,1757658118
1103,324,page_view,1757421863
1104,242,page_view,1754507442
1105,180,page_view,1766180342
1106,17,session_start,1749233790
1107,265,page_view,1762751971
1108,258,page_view,1753899406
1109,314,page_view,1770104541
1110,262,page_view,1772210110
1111,366,page_view,1769939781
1112,95,action,1766807599
1113,59,session_start,1770602412
1114,180,page_view,1769991226
1115,212,action,1754376406
1116,372,action,1762804759
1117,335,page_view,1771671483
1118,299,page_view,1754347755
1119,273,session_start,1772228245
1120,299,session_start,1748841393
1121,276,session_start,1766395576
1122,24,page_view,1760690413
1123,301,session_start,1771574907
1124,39,page_view,1756588488
1125,112,action,1769866572
1126,317,session_start,1771622739
1127,287,page_view,1764359054
1128,37,page_view,1766162420
1129,236,page_view,1754595101
1130,179,session_start,1767144063
1131,98,session_start,1754792170
1132,357,page_view,1772280996
1133,405,page_view,1771687280
1134,134,session_start,1770769831
1135,173,page_view,1758415252
1136,296,session_start,1755099307
1137,139,session_start,1757912275
1138,33,page_view,1769494390
1139,280,session_start,1752774011
1140,232,session_start,1772068720
1141,82,page_view,1761196314
1142,383,session_start,1769305338
1143,235,session_start,1771827401
1144,388,page_view,1757442650
1145,247,page_view,1762290594
1146,226,page_view,1763859903
1147,173,action,1764948913
1148,88,page_view,1765272392
1149,141,session_start,1771271575
1150,128,page_view,1772113895
1151,124,action,1772320098
1152,293,page_view,1768417153
1153,210,page_view,1771217113
1154,365,session_start,1749388159
1155,99,session_start,1768263455
1156,123,page_view,1769678487
1157,29,session_start,1770079765
1158,60,page_view,1762841388
1159,116,session_start,1754035784
1160,24,session_start,1765579009
1161,37,session_start,1760544472
1162,305,action,1770571384
1163,227,session_start,1770977583
1164,185,page_view,1766697729
1165,369,page_view,1768581100
1166,107,page_view,1771698053
1167,146,action,1768662696
1168,279,session_start,1757197070
1169,101,session_start,1771672487
1170,250,page_view,1753572803
1171,63,session_start,1772189303
1172,411,page_view,1769126453
1173,202,session_start,1754725637
1174,116,action,1753291076
1175,265,page_view,1767294357
1176,100,session_start,1770843023
1177,139,session_start,1772140639
1178,264,page_view,1768925408
1179,249,page_view,1761858188
1180,4,session_start,1766611664
1181,62,session_start,1765967865
1182,210,page_view,1771750763
1183,94,page_view,1769942755
1184,50,action,1771922515
1185,68,session_start,1763922996
1186,6,action,1767378520
1187,280,page_view,1771412223
1188,58,page_view,1770235926
1189,14,page_view,1759231619
1190,259,page_view,1753890518
1191,329,session_start,1763677066
1192,164,session_start,1754767937
1193,134,action,1749925883
1194,98,page_view,1769530232
1195,269,page_view,1772028069
1196,178,session_start,1767115206
1197,331,session_start,1767941007
1198,98,session_start,1763623925
1199,360,session_start,1771076482
1200,74,session_start,1753829744
1201,319,page_view,1770218457
1202,19,page_view,1761534181
1203,327,page_view,1749490043
1204,164,action,1758562599
1205,287,page_view,1755826223
1206,29,session_start,1757035300
1207,277,session_start,1771928118
1208,220,action,1751706486
1209,370,action,1754256267
1210,260,action,1755044466
1211,32,session_start,1770952834
1212,320,page_view,1751364851
1213,408,action,1763014066
1214,94,page_view,1770362301
1215,374,session_start,1770629895
1216,35,page_view,1772292441
1217,262,page_view,1755680741
1218,117,action,1759445867
1219,218,page_view,1772215437
1220,16,page_view,1753523793
1221,312,action,1760177028
1222,53,page_view,1768339510
1223,225,session_start,1769905304
1224,70,page_view,1754108965
1225,372,page_view,1763397244
1226,59,session_start,1767910814
1227,179,page_view,1770116666
1228,16,action,1760075248
1229,125,action,1771580962
1230,175,session_start,1763411869
1231,35,session_start,1772024851
1232,125,action,1756990540
1233,326,page_view,1759799596
1234,366,page_view,1763229035
1235,31,action,1760234634
1236,166,page_view,1752674266
1237,288,action,1768863751
1238,321,session_start,1768441190
1239,163,action,1768079320
1240,219,session_start,1768260708
1241,142,page_view,1762614906
1242,209,session_start,1760687060
1243,187,page_view,1769398855
1244,343,session_start,1768487119
1245,288,session_start,1771127860
1246,297,page_view,1767697642
1247,184,session_start,1768611327
1248,244,page_view,1762977442
1249,152,page_view,1758735584
1250,326,page_view,1766089977
1251,406,action,1768303471
1252,296,action,1769181980
1253,365,page_view,1760227366
1254,280,action,1754049646
1255,197,page_view,1757832176
1256,314,page_view,1767813992
1257,229,page_view,1768386165
1258,136,page_view,1768429512
1259,220,page_view,1757969955
1260,195,session_start,1758398357
1261,383,session_start,1770925226
1262,61,page_view,1770302058
1263,217,action,1751622505
1264,408,page_view,1757636707
1265,342,session_start,1767539637
1266,321,action,1758532504
1267,143,page_view,1769857798
1268,82,session_start,1768217219
1269,221,page_view,1772273111
1270,160,action,1769737936
1271,102,session_start,1770656247
1272,363,page_view,1761912229
1273,15,page_view,1771741702
1274,279,action,1764274855
1275,234,session_start,1770414578
1276,253,page_view,1770650425
1277,22,action,1764696283
1278,221,session_start,1772002783
1279,139,action,1765217144
1280,363,page_view,1761529965
1281,114,session_start,1756567722
1282,67,session_start,1771411191
1283,155,page_view,1753906229
1284,179,action,1771893466
1285,6,action,1757770986
1286,404,page_view,1771715206
1287,10,page_view,1755886322
1288,200,session_start,1762714281
1289,299,page_view,1764691137
1290,109,page_view,1771965672
1291,291,session_start,1770193655
1292,307,page_view,1770765749
1293,195,page_view,1766974265
1294,329,page_view,1756300839
1295,18,page_view,1760178713
1296,272,page_view,1767572262
1297,59,session_start,1766802310
1298,152,session_start,1759717052
1299,351,page_view,1771112815
1300,138,page_view,1769330841
1301,287,page_view,1753958799
1302,189,session_start,1772090624
1303,242,action,1749446145
1304,271,page_view,1761665896
1305,166,page_view,1760077405
1306,352,session_start,1770544584
1307,331,session_start,1761890493
1308,113,action,1756102731
1309,214,action,1769055060
1310,268,action,1770174412
1311,228,action,1761286924
1312,90,session_start,1752108703
1313,131,page_view,1764241178
1314,370,page_view,1767724043
1315,295,session_start,1766582420
1316,162,action,1770727769
1317,333,page_view,1752196881
1318,38,action,1764941373
1319,308,page_view,1763981068
1320,101,action,1771763303
1321,21,page_view,1772209818
1322,249,action,1771769051
1323,323,session_start,1766924637
1324,256,session_start,1759139108
1325,163,session_start,1763537097
1326,230,page_view,1768020716
1327,236,session_start,1769850277
1328,224,session_start,1763358805
1329,40,page_view,1759738296
1330,151,session_start,1771020619
1331,218,session_start,1771600489
1332,220,page_view,1767948370
1333,15,action,1770996890
1334,62,action,1768560710
1335,311,page_view,1770271325
1336,106,action,1771760123
1337,181,page_view,1771401616
1338,61,page_view,1771695998
1339,138,page_view,1767776075
1340,131,session_start,1757819477
1341,84,action,1769533274
1342,22,page_view,1759530721
1343,330,action,1768720713
1344,116,page_view,1766640345
1345,175,session_start,1752640180
1346,244,action,1772180939
1347,19,page_view,1757290234
1348,113,action,1753281119
1349,71,action,1753455726
1350,140,action,1766906070
1351,126,page_view,1755307383
1352,375,session_start,1763744687
1353,363,session_start,1754628777
1354,132,page_view,1755158717
1355,58,session_start,1771628266
1356,165,action,1771889354
1357,56,page_view,1770742915
1358,209,session_start,1767942601
1359,210,session_start,1769753859
1360,305,page_view,1769609576
1361,330,session_start,1771917674
1362,265,action,1771202122
1363,41,page_view,1762530883
1364,94,page_view,1769727630
1365,106,session_start,1772129758
1366,61,session_start,1771674381
1367,244,session_start,1768709778
1368,214,action,1769715123
1369,143,page_view,1769830543
1370,277,action,1771521906
1371,300,session_start,1771899989
1372,9,page_view,1771604257
1373,311,page_view,1770723342
1374,331,action,1754138093
1375,314,action,1769939452
1376,3,session_start,1770851356
1377,17,session_start,1762166896
1378,73,page_view,1751575803
1379,55,page_view,1772066561
1380,79,page_view,1759659228
1381,102,session_start,1772300226
1382,245,page_view,1753869981
1383,148,page_view,1771842562
1384,230,page_view,1759796245
1385,145,page_view,1766556109
1386,161,session_start,1754268240
1387,338,action,1769628331
1388,370,session_start,1768484621
1389,311,page_view,1771529605
1390,193,action,1771994279
1391,102,action,1770869768
1392,134,page_view,1759532694
1393,161,page_view,1754239642
1394,291,action,1751435308
1395,298,session_start,1771720910
1396,57,page_view,1772086843
1397,194,action,1749952945
1398,308,action,1769269212
1399,368,page_view,1763844068
1400,390,page_view,1762378946
1401,338,page_view,1764571694
1402,336,action,1768901908
1403,409,page_view,1761455380
1404,339,page_view,1764777844
1405,276,action,1764519969
1406,321,action,1756865016
1407,176,page_view,1767650197
1408,168,session_start,1762956312
1409,339,page_view,1760751326
1410,56,action,1751171595
1411,51,session_start,1756221241
1412,23,action,1767099411
1413,390,page_view,1757630873
1414,174,session_start,1762356044
1415,261,page_view,1767295105
1416,275,page_view,1771755982
1417,376,page_view,1757371354
1418,176,session_start,1758177379
1419,354,page_view,1759674476
1420,395,page_view,1765740386
1421,273,action,1772295792
1422,201,page_view,1753012807
1423,246,session_start,1770863198
1424,217,session_start,1751080763
1425,333,action,1771965422
1426,316,action,1771533180
1427,263,page_view,1770274120
1428,69,session_start,1760844310
1429,257,session_start,1764926444
1430,192,session_start,1756670830
1431,300,page_view,1771835265
1432,358,action,1771200615
1433,244,page_view,1760940388
1434,219,session_start,1749908525
1435,35,page_view,1767391565
1436,157,page_view,1758509350
1437,255,action,1759873698
1438,282,session_start,1768394324
1439,122,session_start,1749784962
1440,253,page_view,1752367137
1441,176,session_start,1767188040
1442,94,page_view,1764885507
1443,84,page_view,1767369601
1444,105,action,1772303388
1445,288,session_start,1771978172
1446,153,session_start,1762139912
1447,97,action,1769635453
1448,91,page_view,1760570551
1449,149,action,1771395157
1450,80,session_start,1763188863
1451,21,page_view,1772038192
1452,196,page_view,1770011244
1453,78,page_view,1763183155
1454,396,session_start,1753375704
1455,91,page_view,1769370485
1456,251,page_view,1749724154
1457,106,page_view,1771555715
1458,163,action,1761552663
1459,143,action,1769247679
1460,48,page_view,1765898349
1461,198,page_view,1752005765
1462,106,session_start,1772192829
1463,68,session_start,1763093974
1464,144,page_view,1769074390
1465,133,page_view,1756143914
1466,110,page_view,1759051624
1467,10,session_start,1756701575
1468,63,page_view,1772283529
1469,63,page_view,1772315560
1470,191,page_view,1771166976
1471,387,action,1765608609
1472,145,page_view,1767227615
1473,356,page_view,1770511899
1474,373,session_start,1771451772
1475,235,session_start,1772226655
1476,108,page_view,1768533967
1477,334,page_view,1751118718
1478,129,page_view,1753893912
1479,40,session_start,1766658479
1480,72,page_view,1772140464
1481,320,page_view,1768816155
1482,118,page_view,1758205155
1483,362,session_start,1750703581
1484,314,session_start,1769747953
1485,238,page_view,1760414346
1486,162,session_start,1770666334
1487,315,page_view,1772314916
1488,229,session_start,1769458549
1489,167,page_view,1763528444
1490,41,session_start,1766047813
1491,222,action,1769590343
1492,247,page_view,1769443561
1493,193,action,1771932023
1494,350,session_start,1764921312
1495,69,page_view,1771978243
1496,74,action,1754263626
1497,325,action,1750017722
1498,173,session_start,1771762971
1499,127,page_view,1765011938
1500,16,session_start,1770134092
1501,119,session_start,1758564640
1502,312,page_view,1759334488
1503,40,page_view,1762446362
1504,323,action,1754952593
1505,260,page_view,1749535470
1506,75,session_start,1757960398
1507,336,page_view,1771596582
1508,315,action,1772187563
1509,20,session_start,1772024713
1510,106,session_start,1772300196
1511,65,page_view,1771921788
1512,126,action,1751841215
1513,222,page_view,1771177368
1514,184,session_start,1769573080
1515,76,session_start,1748951410
1516,63,page_view,1772216577
1517,406,session_start,1770209420
1518,256,action,1764885328
1519,30,page_view,1764940217
1520,258,page_view,1767459735
1521,149,session_start,1771260206
1522,61,session_start,1771028039
1523,319,session_start,1771632148
1524,34,session_start,1763677427
1525,288,session_start,1765565427
1526,206,page_view,1771363590
1527,29,session_start,1759410072
1528,334,page_view,1766772532
1529,44,page_view,1758848351
1530,308,session_start,1754847749
1531,387,action,1753329113
1532,187,page_view,1767452618
1533,175,action,1754144588
1534,341,session_start,1753806487
1535,71,page_view,1762537564
1536,181,session_start,1771486773
1537,246,action,1760788158
1538,339,session_start,1767741721
1539,271,session_start,1762237242
1540,88,page_view,1759179171
1541,382,action,1755260970
1542,292,page_view,1754946204
1543,229,session_start,1769290712
1544,389,session_start,1757019489
1545,378,session_start,1771668726
1546,111,page_view,1764102995
1547,242,action,1749582589
1548,7,page_view,1755560943
1549,177,session_start,1764385406
1550,334,page_view,1769484166
1551,278,session_start,1764937029
1552,153,page_view,1759329037
1553,335,session_start,1771082089
1554,409,page_view,1754901020
1555,363,page_view,1750317374
1556,322,page_view,1759906058
1557,341,page_view,1760529582
1558,37,session_start,1764402371
1559,149,action,1771545577
1560,88,session_start,1766510599
1561,107,page_view,1772295622
1562,103,page_view,1766418058
1563,124,session_start,1771002159
1564,195,action,1766915244
1565,341,session_start,1753048298
1566,270,page_view,1769105087
1567,254,page_view,1771208142
1568,249,page_view,1757538877
1569,291,session_start,1752456536
1570,14,page_view,1752558054
1571,130,action,1756610536
1572,325,session_start,1764384967
1573,289,session_start,1771228802
1574,145,page_view,1765725001
1575,177,page_view,1766363234
1576,319,session_start,1772042610
1577,82,session_start,1748919125
1578,169,page_view,1767450391
1579,307,session_start,1769441848
1580,288,session_start,1771398350
1581,57,page_view,1765856879
1582,28,session_start,1770593026
1583,30,page_view,1758254340
1584,306,session_start,1769605740
1585,1,session_start,1772156042
1586,365,session_start,1768012542
1587,225,action,1764134383
1588,323,session_start,1757788513
1589,374,session_start,1767467684
1590,8,session_start,1763332517
1591,393,session_start,1770898460
1592,58,page_view,1770999136
1593,282,action,1767655307
1594,224,action,1758528396
1595,297,session_start,1771135558
1596,394,session_start,1767096460
1597,59,session_start,1768044452
1598,265,session_start,1771275098
1599,203,action,1760473225
1600,285,page_view,1749734109
1601,161,session_start,1770361309
1602,102,action,1768189247
1603,406,session_start,1768944226
1604,204,session_start,1768796217
1605,258,session_start,1751719237
1606,334,session_start,1756521704
1607,172,session_start,1771790431
1608,50,action,1752396236
1609,317,page_view,1771669103
1610,140,session_start,1764351104
1611,341,page_view,1757940248
1612,313,session_start,1768573166
1613,205,session_start,1761326763
1614,41,session_start,1753973440
1615,333,action,1764046210
1616,333,session_start,1753407008
1617,229,page_view,1768539497
1618,178,session_start,1770203700
1619,275,session_start,1772098918
1620,47,session_start,1765751787
1621,356,action,1764882849
1622,344,session_start,1754829810
1623,32,session_start,1751875942
1624,189,page_view,1772270523
1625,348,page_view,1769037334
1626,67,page_view,1771932997
1627,308,page_view,1761258771
1628,123,session_start,1767713540
1629,401,action,1760168262
1630,131,page_view,1763945865
1631,374,page_view,1770076519
1632,52,action,1769858628
1633,404,page_view,1772005488
1634,44,page_view,1769022345
1635,97,page_view,1770969177
1636,301,session_start,1768885859
1637,312,page_view,1771021509
1638,157,action,1750889200
1639,284,page_view,1750212243
1640,144,action,1768774613
1641,286,page_view,1758319404
1642,86,page_view,1760093446
1643,310,session_start,1760975721
1644,220,page_view,1753519024
1645,14,page_view,1764644842
1646,349,page_view,1771503627
1647,104,page_view,1771623354
1648,219,action,1769704053
1649,200,page_view,1767354501
1650,275,session_start,1771440181
1651,359,action,1772284307
1652,106,page_view,1772292509
1653,308,session_start,1756895677
1654,150,session_start,1762423305
1655,338,page_view,1768829611
1656,332,session_start,1765573414
1657,400,page_view,1768357503
1658,96,session_start,1767243349
1659,88,page_view,1762641952
1660,174,session_start,1769307395
1661,199,action,1760142510
1662,139,session_start,1760387461
1663,354,page_view,1767158608
1664,10,session_start,1754647447
1665,172,session_start,1770887467
1666,245,page_view,1761844049
1667,390,page_view,1760039177
1668,35,session_start,1769302794
1669,149,session_start,1772128674
1670,49,page_view,1761903977
1671,190,page_view,1770833552
1672,348,session_start,1771683808
1673,410,session_start,1772055505
1674,292,page_view,1758458642
1675,24,page_view,1764453771
1676,97,action,1768672040
1677,376,action,1763429514
1678,164,session_start,1750789574
1679,53,page_view,1764080613
1680,287,action,1766028560
1681,261,page_view,1759079177
1682,371,session_start,1769237975
1683,412,session_start,1770859180
1684,381,action,1748835284
1685,178,session_start,1763762472
1686,210,page_view,1769896211
1687,378,session_start,1771620686
1688,151,page_view,1771440336
1689,63,action,1772304885
1690,193,session_start,1772057653
1691,259,session_start,1752865424
1692,137,page_view,1771052921
1693,372,session_start,1763145923
1694,32,page_view,1763535016
1695,321,page_view,1755418173
1696,188,page_view,1768067015
1697,18,action,1767099978
1698,371,page_view,1755797952
1699,345,action,1763477107
1700,67,page_view,1771833923
1701,316,action,1771668490
1702,39,action,1766916129
1703,194,page_view,1754043017
1704,140,action,1768723799
1705,378,action,1771980181
1706,371,action,1765091080
1707,174,session_start,1757291621
1708,362,session_start,1763205143
1709,143,session_start,1769500103
1710,408,action,1755892584
1711,237,action,1766691878
1712,252,page_view,1764246076
1713,92,page_view,1755788633
1714,372,page_view,1761401309
1715,381,session_start,1762559284
1716,124,session_start,1770856674
1717,402,page_view,1754517074
1718,10,page_view,1771077979
1719,391,page_view,1764892979
1720,49,session_start,1758813183
1721,288,session_start,1766851995
1722,24,action,1753028913
1723,196,session_start,1765559705
1724,137,session_start,1764914752
1725,47,page_view,1772198553
1726,182,page_view,1754924007
1727,204,page_view,1770525927
1728,64,page_view,1771947505
1729,307,session_start,1770236240
1730,180,session_start,1768994784
1731,224,page_view,1759027219
1732,145,action,1766068866
1733,278,page_view,1760702680
1734,240,session_start,1765397521
1735,372,session_start,1771581956
1736,202,page_view,1749594161
1737,147,session_start,1772304540
1738,187,page_view,1771304311
1739,402,page_view,1759412382
1740,228,session_start,1755880509
1741,277,session_start,1770213232
1742,325,session_start,1765402188
1743,62,page_view,1772063390
1744,222,page_view,1765103606
1745,49,action,1770271187
1746,232,page_view,1771758957
1747,328,session_start,1770042026
1748,178,page_view,1772167033
1749,375,session_start,1753814760
1750,269,session_start,1768705051
1751,229,session_start,1770853197
1752,35,page_view,1769299258
1753,303,page_view,1770931232
1754,155,action,1757366024
1755,311,page_view,1769712459
1756,69,page_view,1758696918
1757,345,page_view,1750355322
1758,215,page_view,1764384523
1759,274,session_start,1772109348
1760,56,session_start,1766253644
1761,344,page_view,1770107307
1762,217,page_view,1762022797
1763,9,session_start,1770717719
1764,22,page_view,1760445073
1765,303,page_view,1763809560
1766,309,page_view,1769811655
1767,292,action,1770721778
1768,87,session_start,1769080191
1769,190,page_view,1771280061
1770,361,action,1772120941
1771,260,page_view,1749501218
1772,161,page_view,1756927670
1773,97,session_start,1769110241
1774,345,session_start,1767681253
1775,235,session_start,1772015230
1776,374,session_start,1769457651
1777,41,page_view,1761072184
1778,3,action,1770175554
1779,254,page_view,1767440487
1780,13,page_view,1760219659
1781,67,page_view,1771269823
1782,69,page_view,1763180750
1783,237,page_view,1756432183
1784,27,page_view,1768274123
1785,350,page_view,1765383658
1786,105,page_view,1772304791
1787,124,session_start,1771115486
1788,332,session_start,1766370090
1789,285,page_view,1759764985
1790,96,session_start,1768435130
1791,13,session_start,1751408755
1792,388,page_view,1768381522
1793,155,page_view,1758773266
1794,46,session_start,1772251203
1795,234,action,1763407320
1796,280,action,1754271373
1797,244,page_view,1770265267
1798,285,session_start,1759462188
1799,109,action,1772177208
1800,33,page_view,1766339590
1801,176,page_view,1750572083
1802,362,page_view,1750316161
1803,280,session_start,1768644371
1804,293,session_start,1755418383
1805,212,page_view,1750813877
1806,410,page_view,1771899487
1807,168,session_start,1758875394
1808,143,session_start,1771784002
1809,118,session_start,1760140431
1810,298,session_start,1770703539
1811,66,action,1758630897
1812,36,page_view,1758198501
1813,326,session_start,1768551517
1814,237,session_start,1769381873
1815,121,session_start,1756517729
1816,186,session_start,1772201094
1817,403,action,1753929101
1818,80,page_view,1764990953
1819,146,action,1766889700
1820,58,page_view,1771827221
1821,199,page_view,1752919198
1822,88,action,1751491953
1823,21,page_view,1772058072
1824,127,action,1749723662
1825,289,page_view,1763349657
1826,103,page_view,1768408852
1827,356,session_start,1765147743
1828,341,session_start,1770466676
1829,388,page_view,1762523404
1830,148,session_start,1772037461
1831,241,page_view,1765459848
1832,294,page_view,1772246544
1833,219,page_view,1755934792
1834,239,page_view,1758056943
1835,143,page_view,1770894135
1836,352,page_view,1771931942
1837,157,page_view,1771711745
1838,170,session_start,1758365090
1839,55,action,1771912089
1840,340,session_start,1771622124
1841,395,page_view,1752065822
1842,242,page_view,1752346817
1843,191,session_start,1770959359
1844,240,page_view,1765198678
1845,59,action,1766146324
1846,63,page_view,1772203084
1847,83,session_start,1762406317
1848,83,page_view,1770805882
1849,181,action,1772275919
1850,189,page_view,1772150253
1851,295,session_start,1760730034
1852,48,action,1757854981
1853,224,page_view,1760875681
1854,189,page_view,1772009718
1855,340,session_start,1771322971
1856,280,page_view,1761128254
1857,330,page_view,1764208791
1858,190,page_view,1770928926
1859,359,page_view,1771564753
1860,186,page_view,1771072683
1861,209,page_view,1762988917
1862,64,action,1772235123
1863,106,action,1772261566
1864,199,page_view,1761009968
1865,194,page_view,1765325158
1866,59,page_view,1767071651
1867,357,page_view,1772068725
1868,62,page_view,1764279115
1869,107,session_start,1771604456
1870,202,action,1759723345
1871,323,action,1749473549
1872,148,page_view,1772147575
1873,60,page_view,1763262612
1874,211,page_view,1764705648
1875,188,page_view,1760638694
1876,368,session_start,1751075462
1877,293,page_view,1756941837
1878,405,page_view,1770984982
1879,73,page_view,1757447122
1880,226,action,1766912344
1881,319,action,1769873600
1882,380,session_start,1759703462
1883,266,session_start,1769059838
1884,132,session_start,1757952892
1885,22,page_view,1765665924
1886,94,page_view,1763295344
1887,175,session_start,1749157178
1888,141,action,1768917508
1889,270,page_view,1772160619
1890,70,session_start,1768799457
1891,112,page_view,1759194238
1892,152,session_start,1772066210
1893,184,action,1772006971
1894,70,page_view,1766455210
1895,128,action,1771910891
1896,81,action,1751579806
1897,74,page_view,1771928921
1898,389,action,1754740344
1899,11,page_view,1767099916
1900,212,page_view,1769086432
1901,224,action,1763296841
1902,346,action,1765244200
1903,238,page_view,1772200956
1904,51,action,1771540784
1905,153,page_view,1765226951
1906,314,action,1769028340
1907,348,session_start,1771697431
1908,329,session_start,1755568928
1909,335,page_view,1771697213
1910,110,action,1762911388
1911,353,page_view,1771228992
1912,267,session_start,1768316029
1913,349,action,1760373753
1914,49,session_start,1772086173
1915,11,page_view,1752675609
1916,287,page_view,1765045282
1917,79,session_start,1760123800
1918,325,page_view,1765320737
1919,190,session_start,1772029735
1920,315,session_start,1772299315
1921,104,page_view,1770797027
1922,259,session_start,1771138461
1923,376,page_view,1770506468
1924,240,session_start,1760403751
1925,103,page_view,1766725863
1926,307,action,1771246908
1927,297,session_start,1761822093
1928,257,page_view,1764998920
1929,389,action,1763449331
1930,379,page_view,1766681374
1931,39,page_view,1772311462
1932,129,page_view,1770627274
1933,73,page_view,1763116246
1934,49,session_start,1756933875
1935,34,action,1770031707
1936,167,page_view,1760060640
1937,392,action,1772157003
1938,101,action,1772010698
1939,9,page_view,1772047754
1940,296,action,1772124205
1941,27,page_view,1767666455
1942,407,session_start,1764153116
1943,58,page_view,1770767738
1944,304,session_start,1756608620
1945,159,action,1750602553
1946,375,session_start,1756626461
1947,234,session_start,1749726625
1948,69,session_start,1766818781
1949,55,session_start,1772279505
1950,179,page_view,1767669364
1951,295,session_start,1756222020
1952,148,session_start,1771952953
1953,193,page_view,1771828579
1954,217,session_start,1754161112
1955,217,session_start,1759794411
1956,207,action,1752537198
1957,197,page_view,1762422722
1958,74,page_view,1762969186
1959,286,page_view,1768186275
1960,125,page_view,1759791766
1961,11,page_view,1763279398
1962,399,page_view,1771942940
1963,177,action,1770050088
1964,226,action,1768943377
1965,172,page_view,1770916321
1966,51,page_view,1756360833
1967,127,session_start,1768582766
1968,134,action,1756192464
1969,98,page_view,1762305604
1970,356,page_view,1761024025
1971,388,session_start,1765967795
1972,55,page_view,1771930698
1973,324,action,1749838010
1974,289,session_start,1771107775
1975,260,page_view,1750842617
1976,185,action,1769424894
1977,162,session_start,1771969726
1978,107,page_view,1772301854
1979,70,page_view,1748861431
1980,31,action,1749858634
1981,63,session_start,1772320763
1982,345,session_start,1754723198
1983,52,session_start,1764310052
1984,132,session_start,1752416816
1985,111,session_start,1764274603
1986,345,page_view,1765038517
1987,239,page_view,1763988482
1988,262,page_view,1771095138
1989,295,page_view,1761160353
1990,360,page_view,1754808765
1991,236,page_view,1770678564
1992,255,page_view,1761535361
1993,269,session_start,1771758859
1994,147,page_view,1772212138
1995,280,action,1756713193
1996,68,session_start,1757015718
1997,376,page_view,1753544042
1998,406,session_start,1771932607
1999,175,session_start,1770019702
2000,282,page_view,1762182186
2001,70,session_start,1768389588
2002,336,page_view,1765930481
2003,363,action,1771320095
2004,246,session_start,1760563963
2005,77,session_start,1771676918
2006,375,session_start,1751561052
2007,250,action,1748752100
2008,120,page_view,1767187384
2009,374,page_view,1767324145
2010,11,session_start,1765975403
2011,184,page_view,1771160495
2012,167,action,1753171475
2013,236,action,1761355578
2014,74,session_start,1759887247
2015,210,page_view,1770272037
2016,80,page_view,1763358079
2017,54,session_start,1770979906
2018,235,action,1772129186
2019,74,action,1764546054
2020,106,session_start,1772047472
2021,288,page_view,1762729786
2022,326,page_view,1757850901
2023,65,session_start,1771561594
2024,143,action,1770769061
2025,120,session_start,1755875098
2026,261,page_view,1763043529
2027,261,action,1769374431
2028,127,page_view,1751735496
2029,344,action,1761431502
2030,127,action,1756752846
2031,337,session_start,1750801109
2032,258,session_start,1772174515
2033,139,action,1752540636
2034,172,action,1771228289
2035,59,page_view,1769201029
2036,217,page_view,1764215828
2037,178,page_view,1770746046
2038,114,session_start,1770045261
2039,284,action,1749739259
2040,111,session_start,1763263886
2041,61,page_view,1768593074
2042,49,session_start,1770277722
2043,398,action,1772177819
2044,14,page_view,1771725710
2045,217,session_start,1756450589
2046,52,page_view,1770592488
2047,260,session_start,1759385235
2048,215,session_start,1765651267
2049,92,page_view,1769451735
2050,151,session_start,1771983899
2051,206,page_view,1770903447
2052,292,page_view,1754924490
2053,323,session_start,1759864904
2054,3,session_start,1772152252
2055,14,page_view,1759306344
2056,118,page_view,1762736419
2057,268,action,1764781889
2058,78,page_view,1764470371
2059,175,page_view,1753258563
2060,212,session_start,1769167292
2061,395,page_view,1760095834
2062,31,session_start,1756152444
2063,403,action,1754873861
2064,127,page_view,1754848344
2065,56,page_view,1755615310
2066,238,action,1762793020
2067,409,page_view,1762296081
2068,190,page_view,1771892021
2069,208,page_view,1760587899
2070,183,page_view,1769983386
2071,170,session_start,1763614509
2072,263,session_start,1762833407
2073,270,action,1767986671
2074,123,action,1767318449
2075,370,action,1767862865
2076,210,page_view,1769544255
2077,173,page_view,1758672579
2078,123,page_view,1767436688
2079,341,page_view,1756984687
2080,400,page_view,1770591081
2081,47,session_start,1768303027
2082,328,session_start,1768938103
2083,276,session_start,1771769343
2084,396,action,1751881163
2085,293,page_view,1764912833
2086,303,session_start,1758183428
2087,367,session_start,1749141378
2088,58,page_view,1772121065
2089,246,action,1748791704
2090,196,page_view,1753042511
2091,307,page_view,1772027070
2092,171,action,1759688402
2093,271,page_view,1765068306
2094,300,page_view,1770672125
2095,145,session_start,1768802627
2096,73,session_start,1758735983
2097,204,page_view,1762595357
2098,126,page_view,1770927103
2099,300,session_start,1770988717
2100,207,session_start,1759460354
2101,368,page_view,1766324479
2102,78,page_view,1764298029
2103,208,action,1767703451
2104,338,page_view,1770396839
2105,9,session_start,1771624519
2106,335,page_view,1770166941
2107,321,session_start,1755051299
2108,115,page_view,1759145512
2109,392,session_start,1771183808
2110,337,page_view,1753541609
2111,102,page_view,1770368126
2112,310,session_start,1765740651
2113,308,page_view,1769844530
2114,136,page_view,1769088727
2115,203,page_view,1768343102
2116,338,action,1770160903
2117,160,session_start,1754293881
2118,107,page_view,1771785030
2119,284,action,1766768731
2120,177,session_start,1768877044
2121,257,page_view,1770949567
2122,180,action,1767033959
2123,173,page_view,1759172338
2124,220,page_view,1748914927
2125,129,page_view,1755149631
2126,281,page_view,1764243829
2127,242,page_view,1766824284
2128,9,action,1772131308
2129,364,session_start,1760573371
2130,133,page_view,1755191160
2131,198,action,1767461779
2132,174,session_start,1752192149
2133,170,page_view,1768430630
2134,326,session_start,1765076293
2135,217,session_start,1756474164
2136,162,page_view,1771889739
2137,349,session_start,1770220265
2138,14,page_view,1754479593
2139,409,action,1757882423
2140,286,session_start,1772050081
2141,211,session_start,1760397067
2142,135,session_start,1755892090
2143,389,session_start,1765977960
2144,208,action,1765310101
2145,63,session_start,1772171353
2146,267,page_view,1763596197
2147,112,page_view,1753485291
2148,113,session_start,1751923345
2149,228,page_view,1755680577
2150,192,session_start,1770140716
2151,281,page_view,1749113404
2152,216,page_view,1766093361
2153,236,action,1768213800
2154,126,page_view,1758824541
2155,163,page_view,1758639731
2156,3,page_view,1766333130
2157,399,session_start,1771050891
2158,161,page_view,1757426056
2159,317,session_start,1772281771
2160,96,page_view,1767984173
2161,410,page_view,1772227173
2162,122,page_view,1762551262
2163,84,session_start,1768942045
2164,202,action,1751528233
2165,382,page_view,1754646166
2166,353,page_view,1772284273
2167,307,page_view,1769551276
2168,362,page_view,1766485851
2169,378,action,1771684138
2170,132,session_start,1771321982
2171,391,page_view,1752131256
2172,350,action,1764744038
2173,232,action,1770994312
2174,331,session_start,1762812971
2175,300,page_view,1768764427
2176,276,page_view,1766742946
2177,90,page_view,1750521676
2178,236,page_view,1763388128
2179,146,action,1764957569
2180,74,page_view,1751937488
2181,168,session_start,1763877925
2182,250,page_view,1762889850
2183,309,session_start,1769680532
2184,236,action,1769294368
2185,199,page_view,1759699832
2186,4,page_view,1755838915
2187,184,session_start,1772276634
2188,411,session_start,1771841114
2189,377,page_view,1759646060
2190,367,page_view,1755409434
2191,225,page_view,1766108145
2192,122,session_start,1761266600
2193,115,session_start,1764991129
2194,67,session_start,1770859832
2195,185,page_view,1769736570
2196,246,action,1758670389
2197,166,action,1769020425
2198,30,session_start,1757131906
2199,21,page_view,1771902875
2200,86,page_view,1758006506
2201,205,page_view,1766190377
2202,214,session_start,1771552351
2203,164,session_start,1750979410
2204,191,action,1771911972
2205,287,page_view,1753648733
2206,370,page_view,1765105668
2207,185,page_view,1766539803
2208,163,session_start,1767791032
2209,258,action,1762756757
2210,101,session_start,1771509643
2211,108,action,1760292697
2212,130,session_start,1758875928
2213,340,page_view,1767430889
2214,73,action,1758992315
2215,88,session_start,1750019524
2216,412,session_start,1768907876
2217,397,action,1755468846
2218,280,page_view,1749686437
2219,251,action,1762703581
2220,277,session_start,1771225471
2221,79,session_start,1757254460
2222,405,page_view,1770823275
2223,261,page_view,1769761800
2224,106,session_start,1772064456
2225,380,session_start,1766081747
2226,164,session_start,1760299297
2227,219,page_view,1769548162
2228,84,action,1769249480
2229,149,session_start,1771432340
2230,184,page_view,1769245513
2231,190,page_view,1772151883
2232,389,page_view,1771092681
2233,78,action,1763148048
2234,264,session_start,1770927422
2235,162,page_view,1770347339
2236,59,page_view,1771841200
2237,63,action,1772236178
2238,4,page_view,1754055381
2239,402,session_start,1761379504
2240,8,session_start,1761560380
2241,75,page_view,1768090202
2242,256,page_view,1771641510
2243,47,page_view,1762967116
2244,51,action,1768318363
2245,267,page_view,1769891544
2246,79,action,1754938599
2247,171,action,1756181204
2248,202,session_start,1755234776
2249,31,session_start,1763291408
2250,355,session_start,1764386011
2251,196,action,1770434495
2252,298,action,1768215554
2253,272,page_view,1770345098
2254,349,page_view,1766466218
2255,122,action,1757778130
2256,219,session_start,1753327758
2257,63,session_start,1772234410
2258,330,page_view,1771180559
2259,73,action,1761960179
2260,89,page_view,1764068403
2261,253,session_start,1751148244
2262,206,page_view,1772292895
2263,286,session_start,1752149514
2264,98,page_view,1770817672
2265,316,page_view,1771801129
2266,176,page_view,1758915731
2267,356,action,1770242377
2268,378,session_start,1772149182
2269,21,session_start,1771885458
2270,121,action,1753598184
2271,309,action,1771422751
2272,236,action,1752255434
2273,295,session_start,1755889487
2274,344,page_view,1763594218
2275,25,page_view,1751139550
2276,264,action,1770459312
2277,310,page_view,1768437871
2278,353,page_view,1771323264
2279,167,page_view,1768810049
2280,378,session_start,1772130013
2281,398,session_start,1772145879
2282,373,session_start,1772270098
2283,50,page_view,1772028651
2284,134,page_view,1752425294
2285,28,session_start,1753210809
2286,282,page_view,1768437622
2287,62,session_start,1764134846
2288,295,page_view,1770590848
2289,266,action,1769193956
2290,78,session_start,1758554387
2291,118,action,1763298654
2292,295,page_view,1752411487
2293,137,action,1768183289
2294,140,page_view,1769780071
2295,220,page_view,1770840593
2296,399,session_start,1770335126
2297,125,page_view,1766826580
2298,166,session_start,1751633607
2299,269,session_start,1771148976
2300,351,session_start,1768539434
2301,280,session_start,1758353680
2302,95,page_view,1769499451
2303,273,page_view,1772290457
2304,380,session_start,1760061623
2305,391,session_start,1763602464
2306,25,session_start,1762995385
2307,239,page_view,1763387375
2308,355,page_view,1766111034
2309,344,page_view,1765444161
2310,393,page_view,1770669730
2311,371,page_view,1763921512
2312,155,page_view,1758061761
2313,100,page_view,1770363724
2314,30,session_start,1765725759
2315,103,page_view,1767895253
2316,153,action,1771135438
2317,157,page_view,1750373272
2318,295,page_view,1752939985
2319,284,page_view,1750391505
2320,5,page_view,1771662911
2321,197,action,1767661872
2322,320,page_view,1768891293
2323,273,page_view,1772283042
2324,75,page_view,1751079496
2325,297,page_view,1769363767
2326,43,session_start,1768217662
2327,261,action,1753800056
2328,155,page_view,1766646373
2329,161,session_start,1753893663
2330,382,session_start,1750754397
2331,101,page_view,1772279389
2332,30,session_start,1770762670
2333,249,session_start,1758386275
2334,360,page_view,1766765977
2335,186,session_start,1771324130
2336,224,session_start,1753853042
2337,208,page_view,1757653229
2338,77,session_start,1771630790
2339,220,session_start,1768908952
2340,232,page_view,1771412298
2341,376,session_start,1771378950
2342,290,action,1757026072
2343,194,session_start,1752533943
2344,16,session_start,1771163704
2345,97,session_start,1769184443
2346,178,action,1769136047
2347,96,action,1771112221
2348,277,session_start,1770264513
2349,6,page_view,1765392690
2350,331,page_view,1763796772
2351,93,action,1764533969
2352,221,session_start,1772162432
2353,115,page_view,1760435812
2354,36,page_view,1766862479
2355,211,page_view,1770908420
2356,299,page_view,1764816640
2357,307,action,1762168675
2358,273,page_view,1772235081
2359,381,page_view,1760708007
2360,39,page_view,1766754603
2361,144,session_start,1770538629
2362,42,page_view,1764580395
2363,366,page_view,1750988835
2364,218,page_view,1767717812
2365,68,page_view,1751919239
2366,22,action,1759856848
2367,152,page_view,1756365505
2368,260,page_view,1756192585
2369,328,session_start,1761387950
2370,7,page_view,1756968439
2371,116,page_view,1758621667
2372,390,session_start,1764812795
2373,360,page_view,1767793933
2374,71,action,1772064182
2375,356,page_view,1769936816
2376,223,session_start,1770883025
2377,83,session_start,1764724729
2378,170,action,1764703984
2379,402,page_view,1749244432
2380,195,session_start,1756335534
2381,110,action,1755010762
2382,271,page_view,1763498795
2383,161,page_view,1764298452
2384,374,page_view,1765901659
2385,205,page_view,1763519216
2386,323,action,1750375883
2387,132,page_view,1767793339
2388,180,session_start,1766539867
2389,377,action,1748736590
2390,364,session_start,1769525467
2391,272,session_start,1765837172
2392,320,session_start,1763501614
2393,81,session_start,1748793396
2394,262,page_view,1767060747
2395,338,session_start,1771174778
2396,175,page_view,1766422114
2397,234,action,1751831653
2398,273,page_view,1772230101
2399,299,action,1766328092
2400,230,action,1765142212
2401,147,action,1772234646
2402,46,page_view,1763745019
2403,53,session_start,1767667673
2404,321,session_start,1767300402
2405,176,page_view,1757807282
2406,328,page_view,1766334493
2407,43,page_view,1767025973
2408,92,page_view,1755039836
2409,126,page_view,1753040658
2410,356,session_start,1761034272
2411,250,session_start,1760145610
2412,355,page_view,1769282677
2413,42,action,1767488752
2414,230,page_view,1771897827
2415,52,action,1758556487
2416,140,session_start,1767239462
2417,374,page_view,1770553527
2418,114,session_start,1761563595
2419,235,session_start,1771921362
2420,410,session_start,1772012043
2421,301,page_view,1771641317
2422,220,action,1764124444
2423,45,session_start,1771620155
2424,186,session_start,1772090586
2425,196,page_view,1767268704
2426,359,page_view,1772124433
2427,378,session_start,1772309818
2428,296,session_start,1765586580
2429,317,action,1771533089
2430,107,page_view,1771757423
2431,353,page_view,1771284009
2432,360,page_view,1768120404
2433,345,session_start,1751068761
2434,162,action,1770465189
2435,167,page_view,1756236563
2436,379,action,1759888170
2437,62,session_start,1769677337
2438,296,page_view,1762160282
2439,319,page_view,1770531308
2440,35,page_view,1771137642
2441,138,page_view,1772184303
2442,401,action,1771872147
2443,16,page_view,1752164825
2444,256,page_view,1761107997
2445,60,session_start,1769642917
2446,108,session_start,1754028443
2447,291,page_view,1764173672
2448,170,page_view,1765674512
2449,208,session_start,1770951957
2450,257,page_view,1771098247
2451,296,session_start,1769163726
2452,66,action,1759425548
2453,381,action,1766918517
2454,393,action,1771605344
2455,333,page_view,1765716885
2456,105,action,1772322516
2457,2,page_view,1769177710
2458,213,page_view,1760387562
2459,306,page_view,1768722620
2460,396,action,1752387597
2461,70,page_view,1761570727
2462,29,page_view,1761940901
2463,368,session_start,1771893494
2464,125,action,1765066669
2465,408,action,1748756594
2466,250,session_start,1763237434
2467,356,page_view,1764939176
2468,140,action,1768291514
2469,387,session_start,1766845327
2470,281,page_view,1758051831
2471,316,page_view,1771675856
2472,41,page_view,1763152455
2473,136,session_start,1763217027
2474,183,page_view,1763293648
2475,149,page_view,1771282765
2476,23,action,1771623783
2477,77,session_start,1771617738
2478,233,session_start,1772318442
2479,377,session_start,1751391667
2480,343,session_start,1767774242
2481,50,page_view,1753529292
2482,62,action,1768735594
2483,412,page_view,1767618958
2484,222,session_start,1766575647
2485,234,session_start,1755220683
2486,208,action,1759501203
2487,138,page_view,1770809647
2488,190,action,1771704411
2489,383,session_start,1760099834
2490,102,action,1771681638
2491,209,session_start,1756298672
2492,326,page_view,1748811396
2493,15,session_start,1772122068
2494,222,action,1766352900
2495,141,page_view,1769522172
2496,173,session_start,1768501420
2497,254,action,1753090187
2498,403,action,1764944831
2499,36,page_view,1764118443
2500,175,session_start,1769188737
2501,1,session_start,1781870256
2502,1,session_start,1781624151
2503,1,session_start,1780386069
2504,1,page_view,1780658184
2505,1,session_start,1781911531
2506,1,page_view,1782256807
2507,1,page_view,1781055563
2508,1,session_start,1781995943
2509,1,session_start,1780380968
2510,1,session_start,1782755200
2511,1,session_start,1781255568
2512,1,page_view,1781312742
2513,1,page_view,1780969586
2514,1,page_view,1782677942
2515,1,page_view,1780410302
2516,1,session_start,1782210113
2517,1,page_view,1781367937
2518,1,session_start,1781638997
2519,1,page_view,1780805826
2520,1,session_start,1782635070
2521,1,page_view,1781972763
2522,1,page_view,1780765827
2523,2,page_view,1782535319
2524,2,page_view,1781269800
2525,2,session_start,1781937724
2526,2,session_start,1781144543
2527,2,session_start,1781653667
2528,2,page_view,1781802356
2529,2,page_view,1781719110
2530,2,page_view,1782202766
2531,2,page_view,1780408354
2532,2,session_start,1781274934
2533,2,page_view,1782660466
2534,3,page_view,1780913471
2535,3,page_view,1781681312
2536,3,page_view,1782374207
2537,3,page_view,1781644252
2538,3,page_view,1782040512
2539,3,session_start,1781380779
2540,3,page_view,1780765670
2541,3,session_start,1780492987
2542,3,session_start,1781107221
2543,3,session_start,1782770910
2544,3,page_view,1782263728
2545,3,session_start,1781024138
2546,4,page_view,1782220655
2547,4,page_view,1780881937
2548,4,session_start,1782647711
2549,4,page_view,1780726549
2550,4,session_start,1782308851
2551,4,session_start,1781994343
2552,4,page_view,1782180393
2553,4,session_start,1780414329
2554,4,page_view,1780282119
2555,4,page_view,1781761074
2556,4,page_view,1780598534
2557,4,session_start,1781123435
2558,5,page_view,1781112240
2559,5,page_view,1781483365
2560,5,page_view,1782545651
2561,5,page_view,1781416875
2562,5,page_view,1782345635
2563,5,session_start,1782474850
2564,5,session_start,1781503444
2565,5,page_view,1782646070
2566,5,session_start,1781148081
2567,5,page_view,1780642084
2568,5,session_start,1781136983
2569,5,session_start,1782508738
2570,5,session_start,1780286620
2571,6,page_view,1781796234
2572,6,page_view,1781954702
2573,6,session_start,1782093088
2574,6,session_start,1780789733
2575,6,session_start,1780693275
2576,6,session_start,1781049414
2577,6,session_start,1781195772
2578,6,page_view,1782063606
2579,6,session_start,1782488742
2580,6,session_start,1780559437
2581,6,session_start,1781113024
2582,6,page_view,1781881454
2583,6,session_start,1780686899
2584,6,session_start,1782146858
2585,6,page_view,1780556991
2586,6,session_start,1781145035
2587,6,session_start,1782232605
2588,7,session_start,1782472641
2589,7,page_view,1780742748
2590,7,page_view,1781592599
2591,7,page_view,1782425711
2592,7,page_view,1782263403
2593,7,session_start,1781712707
2594,7,page_view,1781882444
2595,7,page_view,1781971807
2596,7,page_view,1782174479
2597,7,session_start,1780722155
2598,7,page_view,1782515767
2599,7,session_start,1782552980
2600,7,page_view,1782394376
2601,7,page_view,1780650430
2602,7,session_start,1782117622
2603,7,page_view,1780875265
2604,7,page_view,1780717776
2605,8,session_start,1782151996
2606,8,session_start,1781686493
2607,8,page_view,1782651128
2608,8,session_start,1781025685
2609,8,session_start,1781108602
2610,8,page_view,1781682081
2611,8,page_view,1782536277
2612,8,session_start,1782148772
2613,8,page_view,1781921959
2614,8,page_view,1780912079
2615,8,session_start,1782227511
2616,9,page_view,1781264559
2617,9,session_start,1782358003
2618,9,page_view,1781424094
2619,9,page_view,1781696551
2620,9,session_start,1782263013
2621,9,page_view,1781156223
2622,9,page_view,1782253660
2623,9,session_start,1781267871
2624,9,session_start,1781489951
2625,9,page_view,1780330428
2626,9,page_view,1780355221
2627,9,page_view,1780987302
2628,9,page_view,1780723616
2629,9,session_start,1782726564
2630,9,page_view,1780868904
2631,9,page_view,1782284270
2632,9,session_start,1781840605
2633,10,session_start,1780948502
2634,10,session_start,1782790887
2635,10,page_view,1780475341
2636,10,page_view,1781621314
2637,10,session_start,1780748858
2638,10,page_view,1781072903
2639,10,session_start,1781412744
2640,10,page_view,1780586570
2641,10,page_view,1781566981
2642,10,page_view,1781365197
2643,10,session_start,1782049388
2644,10,session_start,1781259095
2645,10,session_start,1780938937
2646,10,page_view,1781912530
2647,11,page_view,1781704101
2648,11,page_view,1781223913
2649,11,page_view,1781139635
2650,11,session_start,1781475762
2651,11,session_start,1780875906
2652,11,session_start,1781495379
2653,11,page_view,1781536547
2654,11,session_start,1782723104
2655,11,session_start,1780997893
2656,11,session_start,1782673656
2657,11,session_start,1780755740
2658,11,session_start,1782125435
2659,11,session_start,1781407194
2660,11,session_start,1781262639
2661,11,page_view,1782141912
2662,12,session_start,1781867631
2663,12,page_view,1781613405
2664,12,session_start,1781559134
2665,12,page_view,1782285391
2666,12,page_view,1780397373
2667,12,page_view,1781359446
2668,12,page_view,1781853561
2669,12,page_view,1782290326
2670,12,session_start,1780317284
2671,12,session_start,1781934604
2672,12,session_start,1780828851
2673,12,page_view,1781380069
2674,12,page_view,1782302429
2675,12,page_view,1781004190
2676,12,page_view,1780719295
2677,12,page_view,1782429815
2678,13,page_view,1781223835
2679,13,page_view,1780760161
2680,13,page_view,1781546317
2681,13,page_view,1780351209
2682,13,session_start,1780757614
2683,13,page_view,1780812065
2684,13,page_view,1781065925
2685,13,page_view,1782803302
2686,13,session_start,1781721673
2687,13,page_view,1782334112
2688,14,session_start,1781062266
2689,14,session_start,1782492225
2690,14,session_start,1782075888
2691,14,page_view,1781628222
2692,14,page_view,1780643880
2693,14,session_start,1781186299
2694,14,page_view,1780626918
2695,14,session_start,1782234423
2696,14,page_view,1782857008
2697,14,page_view,1781132200
2698,14,session_start,1781052817
2699,14,page_view,1781037080
2700,14,page_view,1781028208
2701,14,page_view,1781296490
2702,14,session_start,1782797275
2703,14,session_start,1781073615
2704,14,page_view,1780440635
2705,14,page_view,1782141047
2706,14,page_view,1781274859
2707,14,page_view,1780801061
2708,14,page_view,1780272791
2709,14,page_view,1780748305
2710,14,session_start,1782496397
2711,15,page_view,1780273020
2712,15,session_start,1780619449
2713,15,session_start,1781265712
2714,15,page_view,1781713218
2715,15,session_start,1781208747
2716,15,page_view,1781792398
2717,15,page_view,1780903546
2718,15,page_view,1780943700
2719,15,session_start,1781484319
2720,15,page_view,1780534894
2721,15,page_view,1781215858
2722,16,session_start,1782263476
2723,16,session_start,1781128885
2724,16,session_start,1781791688
2725,16,page_view,1780632024
2726,16,page_view,1781522946
2727,16,session_start,1782066196
2728,16,page_view,1780287942
2729,16,page_view,1780659631
2730,16,session_start,1782143889
2731,16,page_view,1782725957
2732,16,session_start,1781791538
2733,16,session_start,1781355093
2734,16,page_view,1781118373
2735,16,page_view,1781072245
2736,16,session_start,1780429705
2737,17,session_start,1782526734
2738,17,page_view,1780837173
2739,17,page_view,1782232371
2740,17,page_view,1780972438
2741,17,session_start,1780378270
2742,17,session_start,1781482396
2743,17,page_view,1781456931
2744,17,page_view,1781892253
2745,17,page_view,1780354775
2746,18,page_view,1780980656
2747,18,session_start,1781316005
2748,18,page_view,1781204363
2749,18,page_view,1780850182
2750,18,page_view,1781808645
2751,18,page_view,1781777110
2752,18,session_start,1780850692
2753,18,session_start,1780808695
2754,18,page_view,1780767841
2755,18,page_view,1782785605
2756,18,page_view,1782050377
2757,18,session_start,1781945083
2758,18,session_start,1780978826
2759,18,page_view,1781397262
2760,18,session_start,1781491382
2761,18,session_start,1782232662
2762,18,session_start,1780734269
2763,18,session_start,1781323803
2764,18,page_view,1782195223
2765,18,session_start,1780275404
2766,19,page_view,1781662508
2767,19,page_view,1781177984
2768,19,session_start,1782641693
2769,19,session_start,1782706706
2770,19,page_view,1781888617
2771,19,session_start,1782610724
2772,19,page_view,1781497235
2773,19,session_start,1782330434
2774,19,page_view,1782155644
2775,19,session_start,1782134347
2776,20,page_view,1780577733
2777,20,page_view,1781816767
2778,20,session_start,1781369438
2779,20,page_view,1781114952
2780,20,session_start,1782795260
2781,20,session_start,1782613449
2782,21,page_view,1781224617
2783,21,session_start,1781775711
2784,21,session_start,1780404732
2785,21,page_view,1782027131
2786,21,session_start,1780640323
2787,21,page_view,1780942809
2788,21,page_view,1781965566
2789,21,session_start,1780287767
2790,21,session_start,1780482540
2791,21,session_start,1780404726
2792,22,session_start,1782803901
2793,22,session_start,1780797242
2794,22,session_start,1781937031
2795,22,page_view,1781537384
2796,22,session_start,1780553613
2797,22,session_start,1782679169
2798,22,page_view,1780909574
2799,23,session_start,1782416416
2800,23,page_view,1780793911
2801,23,page_view,1781245726
2802,23,session_start,1782293584
2803,23,session_start,1782673353
2804,23,session_start,1781934616
2805,23,page_view,1782109984
2806,23,page_view,1781182607
2807,23,page_view,1781073688
2808,23,session_start,1780394668
2809,23,session_start,1780523645
2810,23,session_start,1782446570
2811,23,page_view,1782681244
2812,23,page_view,1781269112
2813,24,page_view,1780492160
2814,24,page_view,1780450469
2815,24,session_start,1782102690
2816,24,session_start,1780498317
2817,24,page_view,1781469515
2818,24,page_view,1782541520
2819,24,page_view,1781368220
2820,24,page_view,1782574771
2821,24,session_start,1780771345
2822,24,session_start,1780961971
2823,24,page_view,1781113266
2824,24,session_start,1782459499
2825,25,session_start,1781603878
2826,25,page_view,1780874127
2827,25,session_start,1781747835
2828,25,page_view,1782437174
2829,25,session_start,1782757856
2830,25,page_view,1781220649
2831,25,page_view,1780356806
2832,25,page_view,1780621676
2833,25,session_start,1781946998
2834,25,page_view,1781242149
2835,25,session_start,1782415905
2836,25,session_start,1782591668
2837,26,page_view,1782407524
2838,26,session_start,1781796020
2839,26,page_view,1781803957
2840,26,session_start,1781270514
2841,26,session_start,1782506193
2842,26,session_start,1781768208
2843,26,page_view,1780840732
2844,26,session_start,1780933109
2845,26,page_view,1781635636
2846,26,session_start,1782182795
2847,26,page_view,1782163512
2848,26,session_start,1780734940
2849,26,session_start,1782592386
2850,27,page_view,1780655296
2851,27,page_view,1782780253
2852,27,page_view,1781840432
2853,27,session_start,1782759081
2854,27,page_view,1780305563
2855,27,page_view,1781541971
2856,27,session_start,1781972636
2857,27,session_start,1781620829
2858,27,session_start,1782214186
2859,27,page_view,1782357268
2860,27,session_start,1782348705
2861,27,page_view,1782101565
2862,28,page_view,1781015153
2863,28,session_start,1781021912
2864,28,page_view,1780765199
2865,28,page_view,1780847753
2866,28,page_view,1782251536
2867,28,page_view,1781302586
2868,28,session_start,1780988737
2869,28,page_view,1782100373
2870,29,session_start,1782458209
2871,29,session_start,1781621648
2872,29,session_start,1782120738
2873,29,page_view,1780986927
2874,29,session_start,1781261848
2875,29,session_start,1782198047
2876,30,page_view,1782686557
2877,30,session_start,1782627216
2878,30,page_view,1782093025
2879,30,page_view,1781886906
2880,30,session_start,1782580425
2881,30,session_start,1782376030
2882,31,session_start,1780723402
2883,31,session_start,1780767837
2884,31,page_view,1780838548
2885,31,page_view,1782396423
2886,31,page_view,1781544018
2887,31,session_start,1782851365
2888,32,page_view,1782019385
2889,32,session_start,1780598876
2890,32,page_view,1781481140
2891,32,page_view,1780315351
2892,32,session_start,1780293009
2893,32,page_view,1782232693
2894,33,page_view,1780896831
2895,33,session_start,1782558851
2896,33,session_start,1780907874
2897,33,session_start,1781295152
2898,33,page_view,1781864765
2899,33,session_start,1781112297
2900,33,session_start,1782328790
2901,34,page_view,1781365189
2902,34,session_start,1781360372
2903,34,page_view,1782319109
2904,34,session_start,1781175050
2905,34,page_view,1781690123
2906,34,page_view,1780678672
2907,2,page_view,1772864474
2908,2,page_view,1773857372
2909,2,page_view,1772486470
2910,2,page_view,1774016010
2911,3,session_start,1773464538
2912,3,session_start,1773877825
2913,3,page_view,1772602800
2914,3,session_start,1773604459
2915,3,session_start,1772953751
2916,4,session_start,1774570901
2917,4,session_start,1773444855
2918,4,session_start,1774436544
2919,6,session_start,1774765539
2920,6,page_view,1774573455
2921,6,session_start,1773393367
2922,6,page_view,1772505977
2923,6,page_view,1773930203
2924,7,session_start,1774583811
2925,7,page_view,1774920022
2926,7,page_view,1772987551
2927,7,page_view,1773109293
2928,7,page_view,1772954358
2929,8,page_view,1773828928
2930,8,session_start,1773664821
2931,8,page_view,1772917019
2932,8,page_view,1774010918
2933,9,page_view,1772902676
2934,9,page_view,1773784865
2935,9,session_start,1773305811
2936,9,session_start,1773724217
2937,10,session_start,1772500447
2938,10,session_start,1773949311
2939,10,session_start,1772788220
2940,10,page_view,1772440411
2941,10,page_view,1773447139
2942,12,session_start,1774507018
2943,12,session_start,1772506992
2944,12,session_start,1774953024
2945,12,session_start,1774979762
2946,14,session_start,1773458080
2947,14,session_start,1774261486
2948,14,session_start,1774194127
2949,14,page_view,1774087325
2950,14,session_start,1772649971
2951,14,page_view,1774249713
2952,14,session_start,1774546683
2953,15,page_view,1774110286
2954,15,page_view,1772662487
2955,15,session_start,1773612072
2956,16,page_view,1772444535
2957,16,page_view,1774171903
2958,16,page_view,1774636495
2959,16,session_start,1774699128
2960,17,session_start,1772994965
2961,17,page_view,1774513117
2962,17,page_view,1773141943
2963,17,page_view,1773234805
2964,17,page_view,1773085376
2965,17,session_start,1773091957
2966,17,page_view,1774527472
2967,19,page_view,1773614354
2968,19,session_start,1773254613
2969,19,page_view,1773609996
2970,21,session_start,1772681571
2971,21,page_view,1772734634
2972,21,page_view,1772400490
2973,22,page_view,1773889988
2974,22,session_start,1772447305
2975,22,page_view,1774417509
2976,27,session_start,1773991944
2977,27,page_view,1774958996
2978,27,page_view,1774645258
2979,27,session_start,1772993125
2980,28,session_start,1774795581
2981,28,page_view,1774451259
2982,28,session_start,1774114832
2983,31,page_view,1773317408
2984,31,session_start,1774705336
2985,31,session_start,1772938442
2986,31,page_view,1773894787
2987,31,page_view,1774911313
2988,32,page_view,1774351988
2989,34,page_view,1773550871
2990,35,page_view,1772442852
2991,35,session_start,1772883303
2992,35,page_view,1773778912
2993,36,page_view,1774281239
2994,36,page_view,1773013120
2995,36,page_view,1774645864
2996,36,session_start,1772879229
2997,36,page_view,1773552326
2998,38,page_view,1772589985
2999,38,session_start,1774649681
3000,39,session_start,1774475144
3001,39,page_view,1774443577
3002,39,session_start,1773312885
3003,40,session_start,1773491594
3004,40,page_view,1772501760
3005,40,page_view,1774836499
3006,40,page_view,1772411578
3007,42,page_view,1774176251
3008,42,page_view,1773597779
3009,42,session_start,1775001247
3010,44,page_view,1772776365
3011,44,session_start,1774616529
3012,44,page_view,1774469881
3013,44,session_start,1774965363
3014,44,session_start,1774349505
3015,45,page_view,1774880493
3016,45,page_view,1774456145
3017,45,session_start,1773204471
3018,45,session_start,1773763501
3019,45,session_start,1772442644
3020,45,session_start,1774768998
3021,46,session_start,1774016320
3022,46,page_view,1772691834
3023,46,page_view,1774164023
3024,46,page_view,1772737491
3025,46,page_view,1773376302
3026,48,page_view,1773906051
3027,48,session_start,1773612515
3028,48,page_view,1772868396
3029,48,page_view,1774825202
3030,48,page_view,1773567926
3031,50,session_start,1772596046
3032,50,page_view,1773401656
3033,50,page_view,1774770548
3034,50,session_start,1772866500
3035,52,session_start,1773376427
3036,52,session_start,1772594341
3037,52,page_view,1774738217
3038,52,session_start,1772621263
3039,53,page_view,1774024532
3040,53,session_start,1774532258
3041,55,session_start,1774216465
3042,55,session_start,1772914382
3043,56,page_view,1773933287
3044,56,session_start,1774701724
3045,58,page_view,1772418371
3046,58,session_start,1774565707
3047,58,session_start,1772857406
3048,58,session_start,1772385853
3049,59,session_start,1772783892
3050,59,page_view,1774621302
3051,59,page_view,1773450707
3052,61,session_start,1773530595
3053,61,page_view,1772531832
3054,61,page_view,1773920366
3055,64,session_start,1773202319
3056,64,page_view,1772666473
3057,65,session_start,1774115898
3058,65,page_view,1773534713
3059,67,page_view,1772439685
3060,67,session_start,1774362921
3061,77,session_start,1773756815
3062,79,page_view,1774993753
3063,79,page_view,1774647645
3064,79,page_view,1772509391
3065,79,page_view,1772762519
3066,83,page_view,1772964253
3067,83,session_start,1774135317
3068,84,page_view,1772716767
3069,84,page_view,1772995882
3070,84,page_view,1773354438
3071,84,session_start,1773043355
3072,84,page_view,1774047770
3073,84,page_view,1774282939
3074,84,session_start,1772855027
3075,84,page_view,1774545157
3076,85,page_view,1774736291
3077,85,session_start,1774248335
3078,85,page_view,1773356996
3079,86,session_start,1773958591
3080,86,page_view,1773324354
3081,87,page_view,1774320663
3082,89,page_view,1774200532
3083,89,page_view,1773752764
3084,89,session_start,1774721688
3085,89,session_start,1774207130
3086,96,session_start,1774803648
3087,96,page_view,1774062031
3088,99,session_start,1774705207
3089,104,session_start,1772926525
3090,105,session_start,1772765862
3091,105,session_start,1772365969
3092,105,session_start,1773345642
3093,105,session_start,1773616161
3094,105,session_start,1773818755
3095,119,page_view,1773303443
3096,119,session_start,1774535782
3097,119,session_start,1774689093
3098,119,page_view,1773747456
3099,119,page_view,1772929589
3100,119,session_start,1774102253
3101,123,session_start,1774295061
3102,123,page_view,1772841953
3103,126,page_view,1774478180
3104,126,page_view,1773621618
3105,126,page_view,1774708215
3106,126,page_view,1773554668
3107,132,page_view,1772343487
3108,132,page_view,1773369731
3109,133,page_view,1773187863
3110,133,page_view,1773932678
3111,133,page_view,1774990966
3112,133,session_start,1772489349
3113,134,page_view,1774473075
3114,134,page_view,1774294010
3115,134,session_start,1774704578
3116,135,session_start,1774412940
3117,135,page_view,1774764596
3118,135,session_start,1774222327
3119,135,session_start,1773020727
3120,135,page_view,1773560491
3121,135,page_view,1774481979
3122,135,page_view,1773249683
3123,136,session_start,1772997277
3124,136,session_start,1772526050
3125,137,session_start,1772438206
3126,137,session_start,1772585127
3127,137,session_start,1772531397
3128,137,session_start,1774772195
3129,140,session_start,1774993332
3130,141,page_view,1773956712
3131,141,session_start,1772388974
3132,142,page_view,1773493203
3133,142,page_view,1774316996
3134,142,session_start,1772685977
3135,142,session_start,1774791085
3136,144,page_view,1774426480
3137,144,page_view,1773153584
3138,144,page_view,1773404457
3139,144,page_view,1773563127
3140,144,session_start,1773671476
3141,145,page_view,1773602518
3142,145,page_view,1774636863
3143,149,session_start,1773620508
3144,149,session_start,1772756815
3145,149,page_view,1774980046
3146,149,page_view,1774712021
3147,151,page_view,1774175364
3148,151,page_view,1773050278
3149,151,session_start,1774499830
3150,151,session_start,1772456052
3151,151,session_start,1773201423
3152,161,session_start,1773401710
3153,161,session_start,1773643858
3154,161,page_view,1774649357
3155,161,session_start,1772781138
3156,163,page_view,1774628528
3157,163,page_view,1773984959
3158,163,page_view,1773085901
3159,163,session_start,1772398050
3160,163,page_view,1774512904
3161,164,page_view,1773977602
3162,164,page_view,1774977590
3163,164,page_view,1772703347
3164,164,session_start,1773918771
3165,164,page_view,1774419086
3166,164,page_view,1773675228
3167,164,page_view,1774517582
3168,164,session_start,1774071652
3169,167,session_start,1774171637
3170,167,session_start,1773473018
3171,167,page_view,1774614083
3172,167,page_view,1774993867
3173,168,session_start,1772824164
3174,170,session_start,1773156116
3175,170,session_start,1773389126
3176,170,page_view,1774487560
3177,170,page_view,1773529425
3178,170,page_view,1772364999
3179,170,page_view,1774801886
3180,170,page_view,1773654378
3181,170,session_start,1773685054
3182,173,page_view,1772864095
3183,173,page_view,1774215165
3184,173,page_view,1772629556
3185,173,session_start,1774687918
3186,173,page_view,1773581606
3187,173,page_view,1773384390
3188,177,page_view,1773103647
3189,178,page_view,1774914003
3190,178,session_start,1773369624
3191,178,page_view,1774701585
3192,178,page_view,1774357792
3193,178,page_view,1773781475
3194,178,page_view,1774728813
3195,179,session_start,1773110048
3196,179,session_start,1772994925
3197,180,session_start,1774305251
3198,180,page_view,1774535730
3199,180,page_view,1774893860
3200,182,page_view,1774339194
3201,182,page_view,1773543577
3202,182,page_view,1773421618
3203,183,page_view,1773225481
3204,183,page_view,1774144548
3205,183,session_start,1772471532
3206,183,session_start,1774429485
3207,183,page_view,1772434935
3208,186,session_start,1774072864
3209,186,page_view,1774666790
3210,186,page_view,1772874720
3211,186,page_view,1773507708
3212,187,session_start,1773170823
3213,187,session_start,1773578407
3214,187,session_start,1774666893
3215,188,session_start,1772498064
3216,188,session_start,1772370206
3217,191,session_start,1772663831
3218,204,page_view,1773304114
3219,204,page_view,1772821064
3220,204,page_view,1774472579
3221,205,page_view,1773364226
3222,205,session_start,1774235913
3223,205,session_start,1773481204
3224,206,page_view,1772879580
3225,206,session_start,1774567536
3226,206,page_view,1772773983
3227,206,session_start,1773555587
3228,207,page_view,1774399413
3229,207,page_view,1774926008
3230,208,session_start,1774257826
3231,208,session_start,1773474755
3232,209,session_start,1773567306
3233,209,session_start,1774215810
3234,209,page_view,1772335006
3235,209,page_view,1773609294
3236,209,page_view,1773029362
3237,211,page_view,1774571476
3238,211,session_start,1772423369
3239,211,page_view,1772789592
3240,211,session_start,1773896412
3241,213,page_view,1773651172
3242,213,page_view,1773820218
3243,213,session_start,1772524311
3244,213,page_view,1773670424
3245,214,session_start,1773089386
3246,214,page_view,1773975529
3247,214,page_view,1772695882
3248,219,session_start,1774663832
3249,219,page_view,1773720103
3250,219,page_view,1773146843
3251,219,page_view,1773826329
3252,219,page_view,1774251887
3253,219,session_start,1774014312
3254,220,page_view,1773725664
3255,220,session_start,1774629401
3256,220,page_view,1772345828
3257,220,session_start,1773371188
3258,221,page_view,1774030933
3259,221,page_view,1774079095
3260,222,session_start,1774821162
3261,222,page_view,1773764159
3262,222,page_view,1773154502
3263,224,page_view,1774750947
3264,224,page_view,1772514982
3265,224,session_start,1773485853
3266,224,page_view,1774841071
3267,224,session_start,1773656585
3268,224,session_start,1772836384
3269,226,page_view,1774704190
3270,226,page_view,1774157856
3271,227,page_view,1774167227
3272,229,page_view,1772568862
3273,230,session_start,1773500826
3274,230,page_view,1774449687
3275,230,page_view,1773467051
3276,230,page_view,1774185988
3277,230,page_view,1773427469
3278,232,session_start,1773356716
3279,232,page_view,1774965846
3280,235,page_view,1774159830
3281,235,page_view,1773822433
3282,235,session_start,1772681014
3283,235,page_view,1773259027
3284,247,page_view,1774516113
3285,247,session_start,1773233649
3286,247,page_view,1772508915
3287,248,page_view,1773312584
3288,248,session_start,1774335489
3289,248,session_start,1772550367
3290,249,session_start,1774655480
3291,252,session_start,1774215800
3292,254,session_start,1773722262
3293,254,session_start,1774037141
3294,254,session_start,1774567954
3295,259,session_start,1774133712
3296,259,page_view,1773314930
3297,259,page_view,1774458071
3298,259,page_view,1773039812
3299,260,session_start,1772526427
3300,260,session_start,1774817779
3301,261,session_start,1774812845
3302,261,session_start,1773590143
3303,261,session_start,1772813223
3304,261,session_start,1773479499
3305,261,page_view,1774512801
3306,262,session_start,1774847730
3307,262,session_start,1772953152
3308,262,session_start,1774467853
3309,263,session_start,1772724214
3310,263,session_start,1774944070
3311,265,session_start,1774225643
3312,265,session_start,1772611824
3313,271,session_start,1772867091
3314,271,page_view,1774208694
3315,271,page_view,1774799561
3316,271,session_start,1772723391
3317,275,session_start,1774600611
3318,275,page_view,1773914226
3319,275,session_start,1774772986
3320,275,page_view,1772839987
3321,275,page_view,1772437498
3322,275,page_view,1773419701
3323,277,session_start,1774528680
3324,277,page_view,1773754784
3325,277,page_view,1773121086
3326,277,session_start,1774253384
3327,277,page_view,1774879236
3328,287,page_view,1774465231
3329,287,session_start,1772738958
3330,287,page_view,1773189558
3331,287,page_view,1772552419
3332,287,session_start,1773474788
3333,290,page_view,1773367923
3334,290,page_view,1774747928
3335,290,page_view,1773545784
3336,290,page_view,1773392399
3337,290,page_view,1773418387
3338,291,page_view,1774954858
3339,293,session_start,1774737254
3340,293,page_view,1772811181
3341,296,page_view,1774328254
3342,296,session_start,1773419864
3343,296,page_view,1772858649
3344,297,session_start,1774797968
3345,300,page_view,1774004444
3346,304,session_start,1772878725
3347,304,page_view,1774379805
3348,304,session_start,1774018905
3349,304,session_start,1773246312
3350,305,session_start,1773566369
3351,305,session_start,1773827226
3352,305,session_start,1772481742
3353,307,page_view,1774469491
3354,309,page_view,1772660012
3355,309,page_view,1772885674
3356,309,session_start,1774307081
3357,310,session_start,1772801553
3358,310,session_start,1772715314
3359,311,page_view,1774678226
3360,311,session_start,1774050501
3361,311,page_view,1772533841
3362,314,session_start,1773102085
3363,314,page_view,1774744914
3364,314,session_start,1773034632
3365,314,session_start,1772432595
3366,314,page_view,1774439287
3367,314,page_view,1772916401
3368,314,page_view,1773081736
3369,315,page_view,1772673285
3370,315,page_view,1774454858
3371,315,session_start,1772752004
3372,315,page_view,1773711770
3373,315,page_view,1774455831
3374,315,session_start,1774491993
3375,315,session_start,1772444226
3376,319,session_start,1774920295
3377,319,page_view,1774255325
3378,319,page_view,1773249512
3379,319,page_view,1772488466
3380,319,session_start,1772509284
3381,319,page_view,1773230614
3382,319,page_view,1772670436
3383,319,session_start,1772394387
3384,329,session_start,1774829170
3385,329,page_view,1773703647
3386,331,page_view,1772914065
3387,331,page_view,1772667184
3388,331,page_view,1774503406
3389,331,page_view,1773250156
3390,332,session_start,1773467066
3391,335,page_view,1774755781
3392,335,session_start,1774529269
3393,335,session_start,1774762429
3394,335,session_start,1773783717
3395,336,session_start,1773727936
3396,336,session_start,1772563793
3397,336,session_start,1772422495
3398,337,session_start,1772513240
3399,337,session_start,1773065884
3400,337,page_view,1774417931
3401,337,page_view,1772821844
3402,337,session_start,1774051335
3403,337,page_view,1774676228
3404,339,page_view,1773884685
3405,339,page_view,1772924385
3406,339,page_view,1774290656
3407,339,session_start,1774773055
3408,340,session_start,1772962821
3409,340,session_start,1774045573
3410,340,page_view,1772871602
3411,340,page_view,1773567716
3412,340,page_view,1773384468
3413,343,session_start,1772409531
3414,343,session_start,1772522620
3415,343,page_view,1773767518
3416,346,page_view,1774304864
3417,350,session_start,1772450030
3418,350,page_view,1773458548
3419,350,session_start,1774057693
3420,350,session_start,1772679035
3421,350,page_view,1774270948
3422,350,page_view,1774660781
3423,352,page_view,1774615737
3424,352,page_view,1772409071
3425,352,session_start,1773241193
3426,352,session_start,1773479036
3427,352,session_start,1773378992
3428,352,page_view,1773440888
3429,352,page_view,1773184145
3430,352,page_view,1772899969
3431,352,page_view,1773700674
3432,352,page_view,1774962029
3433,354,session_start,1773778785
3434,354,session_start,1774994917
3435,354,session_start,1773274867
3436,356,page_view,1772700569
3437,357,page_view,1772427530
3438,357,session_start,1772680619
3439,357,session_start,1773868336
3440,357,session_start,1773905824
3441,357,session_start,1774999737
3442,358,page_view,1773986712
3443,359,page_view,1774683571
3444,359,page_view,1772461102
3445,359,session_start,1773076866
3446,359,page_view,1774499690
3447,371,session_start,1772457188
3448,371,page_view,1774226055
3449,371,session_start,1774162871
3450,371,page_view,1772602852
3451,371,page_view,1773751555
3452,375,session_start,1772914753
3453,375,page_view,1773857035
3454,375,page_view,1772917863
3455,376,page_view,1774326931
3456,376,session_start,1773974259
3457,376,session_start,1772758669
3458,376,session_start,1772725151
3459,377,session_start,1772518141
3460,377,session_start,1774867453
3461,379,session_start,1773160529
3462,379,session_start,1773248346
3463,379,session_start,1773191130
3464,379,session_start,1773560151
3465,379,page_view,1773941078
3466,382,session_start,1774525756
3467,382,page_view,1772838896
3468,382,page_view,1773787566
3469,382,session_start,1773569911
3470,382,page_view,1774723119
3471,383,page_view,1773650023
3472,385,page_view,1772340940
3473,392,page_view,1774499720
3474,392,session_start,1772765906
3475,392,page_view,1774139199
3476,392,session_start,1772365298
3477,392,page_view,1774170458
3478,392,page_view,1772924588
3479,392,session_start,1772433671
3480,392,session_start,1773377316
3481,392,page_view,1773503529
3482,392,session_start,1774955211
3483,392,session_start,1773568726
3484,392,session_start,1774572517
3485,392,page_view,1773557340
3486,392,session_start,1772461398
3487,392,session_start,1773854798
3488,392,page_view,1773900779
3489,392,session_start,1773028296
3490,392,session_start,1773303139
3491,392,page_view,1774053218
3492,392,page_view,1774306931
3493,392,session_start,1774879687
3494,392,session_start,1774457001
3495,392,page_view,1774641263
3496,393,session_start,1774856751
3497,393,page_view,1773092545
3498,393,page_view,1773622487
3499,393,page_view,1772711558
3500,393,session_start,1772348676
3501,393,page_view,1772375414
3502,393,page_view,1774756253
3503,393,page_view,1772858216
3504,393,page_view,1773278206
3505,393,page_view,1774440145
3506,393,session_start,1772863479
3507,393,page_view,1773252351
3508,393,session_start,1774256972
3509,393,session_start,1772463029
3510,393,session_start,1772404429
3511,393,page_view,1773296844
3512,393,session_start,1774714170
3513,393,page_view,1772598028
3514,393,session_start,1774543027
3515,393,page_view,1772811723
3516,393,page_view,1772363229
3517,393,session_start,1774146786
3518,393,page_view,1774315957
3519,393,session_start,1773674592
3520,393,session_start,1774115305
3521,393,page_view,1773478120
3522,394,page_view,1774979844
3523,394,page_view,1774161739
3524,394,session_start,1774633840
3525,394,page_view,1772941642
3526,394,page_view,1774582658
3527,394,page_view,1773424718
3528,394,page_view,1773358803
3529,394,session_start,1773641581
3530,394,page_view,1774619729
3531,394,session_start,1774282651
3532,394,page_view,1772824462
3533,394,session_start,1772573990
3534,394,page_view,1773172149
3535,394,page_view,1772562672
3536,394,session_start,1774785046
3537,394,session_start,1773534076
3538,394,page_view,1773878683
3539,394,page_view,1772456585
3540,394,page_view,1773643968
3541,394,session_start,1774504277
3542,394,session_start,1773193081
3543,394,session_start,1773109696
3544,394,page_view,1773323935
3545,398,page_view,1772700614
3546,398,session_start,1773640525
3547,398,page_view,1773710542
3548,398,page_view,1772574869
3549,398,page_view,1772464427
3550,398,page_view,1773433036
3551,398,page_view,1774037918
3552,398,page_view,1774554993
3553,398,session_start,1774120292
3554,398,page_view,1773639952
3555,398,session_start,1773633895
3556,398,session_start,1773450670
3557,398,page_view,1773905605
3558,398,page_view,1774121299
3559,398,session_start,1773706250
3560,398,page_view,1774732263
3561,398,session_start,1772791170
3562,398,session_start,1772819246
3563,398,page_view,1774864757
3564,398,session_start,1774627148
3565,398,page_view,1772865927
3566,398,session_start,1773824745
3567,398,page_view,1772592502
3568,398,session_start,1773237305
3569,398,session_start,1773004543
3570,398,session_start,1774338615
3571,398,session_start,1774446911
3572,398,page_view,1774608541
3573,398,session_start,1774969725
3574,398,session_start,1774610944
3575,398,session_start,1774167382
3576,399,session_start,1772519480
3577,399,session_start,1772562078
3578,399,page_view,1773393817
3579,399,session_start,1774937428
3580,399,session_start,1773081351
3581,399,page_view,1772488682
3582,399,session_start,1774841012
3583,399,page_view,1774856109
3584,399,page_view,1774536177
3585,399,page_view,1774256660
3586,399,session_start,1772822435
3587,399,page_view,1773422421
3588,399,page_view,1774436613
3589,399,page_view,1772729590
3590,399,page_view,1774241272
3591,399,page_view,1774338407
3592,399,session_start,1772381802
3593,399,session_start,1773130460
3594,399,page_view,1774365385
3595,399,page_view,1773851041
3596,399,page_view,1774593689
3597,399,session_start,1772398361
3598,399,page_view,1773469095
3599,400,page_view,1774142373
3600,400,page_view,1773663168
3601,400,page_view,1774929076
3602,400,session_start,1772550912
3603,400,session_start,1772848322
3604,400,session_start,1774637536
3605,400,session_start,1774548665
3606,400,page_view,1773042166
3607,400,session_start,1773270314
3608,400,session_start,1772585598
3609,400,session_start,1772552458
3610,400,session_start,1774705104
3611,400,page_view,1772950121
3612,400,page_view,1774291372
3613,400,session_start,1773134005
3614,400,page_view,1773707672
3615,400,session_start,1772434057
3616,400,page_view,1774652162
3617,400,page_view,1772502314
3618,400,session_start,1773056124
3619,404,page_view,1773964133
3620,404,page_view,1774682734
3621,404,page_view,1772570865
3622,404,session_start,1773778662
3623,404,page_view,1772420986
3624,404,session_start,1773469805
3625,404,session_start,1773675970
3626,404,session_start,1773187277
3627,404,session_start,1772879275
3628,404,session_start,1773643950
3629,404,page_view,1773266077
3630,404,page_view,1772542685
3631,404,session_start,1773816502
3632,404,session_start,1773059065
3633,404,page_view,1773771765
3634,404,page_view,1773059699
3635,404,page_view,1773233173
3636,404,page_view,1773647138
3637,404,page_view,1773894164
3638,404,session_start,1774526447
3639,404,page_view,1772703880
3640,405,page_view,1774030199
3641,405,page_view,1772710040
3642,405,session_start,1774749472
3643,405,page_view,1773586857
3644,405,page_view,1773205922
3645,405,page_view,1774141761
3646,405,session_start,1773788310
3647,405,page_view,1773197119
3648,405,page_view,1773949450
3649,405,page_view,1773595813
3650,405,page_view,1773258807
3651,405,page_view,1773656693
3652,405,page_view,1774756580
3653,405,page_view,1774602778
3654,405,page_view,1772743971
3655,405,session_start,1773810969
3656,405,page_view,1773616314
3657,405,page_view,1773408076
3658,405,session_start,1772438816
3659,405,session_start,1773801714
3660,405,session_start,1773280251
3661,406,page_view,1773936687
3662,406,session_start,1773843060
3663,406,session_start,1773450261
3664,406,page_view,1774785245
3665,406,page_view,1773342219
3666,406,page_view,1774464671
3667,406,page_view,1772666930
3668,406,page_view,1774834450
3669,406,session_start,1774912663
3670,406,page_view,1772929373
3671,406,session_start,1773679317
3672,406,session_start,1773258146
3673,406,page_view,1773094487
3674,406,session_start,1773165367
3675,406,session_start,1773851626
3676,406,page_view,1774756971
3677,406,page_view,1774033216
3678,406,page_view,1773070425
3679,406,session_start,1774408315
3680,406,page_view,1774020283
3681,406,session_start,1774658502
3682,410,session_start,1774266600
3683,410,page_view,1773170153
3684,410,session_start,1772869689
3685,410,page_view,1773668946
3686,410,page_view,1774270497
3687,410,page_view,1772416197
3688,410,page_view,1774364500
3689,410,session_start,1773783318
3690,410,session_start,1772670640
3691,410,page_view,1773899139
3692,410,page_view,1773075342
3693,410,session_start,1773735441
3694,410,session_start,1774012666
3695,411,session_start,1774672575
3696,411,session_start,1774868315
3697,411,session_start,1773594329
3698,411,session_start,1773018311
3699,411,session_start,1772410289
3700,411,page_view,1772445650
3701,411,page_view,1774965534
3702,411,session_start,1774663925
3703,411,session_start,1774330477
3704,411,session_start,1773337708
3705,411,session_start,1774192872
3706,411,page_view,1773355035
3707,411,page_view,1772377871
3708,411,session_start,1773067941
3709,411,session_start,1773127066
3710,411,session_start,1772789161
3711,411,page_view,1772947772
3712,411,session_start,1774492581
3713,411,session_start,1773035698
3714,411,page_view,1773940953
3715,411,session_start,1773449907
3716,411,page_view,1773749584
3717,411,session_start,1773422589
3718,411,page_view,1773564064
3719,411,page_view,1773930942
3720,411,session_start,1773752926
3721,412,session_start,1773689652
3722,412,page_view,1773565853
3723,412,page_view,1773763496
3724,412,session_start,1774745386
3725,412,page_view,1774945194
3726,412,page_view,1774698370
3727,412,page_view,1774555275
3728,412,page_view,1773443947
3729,412,session_start,1773043385
3730,412,session_start,1774391216
3731,412,session_start,1772903630
3732,412,page_view,1772978498
3733,2,page_view,1777201605
3734,2,page_view,1775855537
3735,2,page_view,1777352286
3736,2,session_start,1775570887
3737,2,session_start,1777125268
3738,4,session_start,1776737174
3739,6,page_view,1775056565
3740,6,session_start,1776124304
3741,6,session_start,1776276583
3742,6,page_view,1775608526
3743,6,session_start,1775075636
3744,6,session_start,1776742369
3745,7,page_view,1777209496
3746,9,session_start,1776054181
3747,9,page_view,1776592860
3748,9,page_view,1776360766
3749,9,page_view,1776643290
3750,9,page_view,1775698877
3751,10,session_start,1776430732
3752,10,session_start,1775203672
3753,12,session_start,1777174337
3754,12,session_start,1777414078
3755,12,page_view,1775681397
3756,12,session_start,1775082012
3757,12,page_view,1776745086
3758,13,page_view,1777274737
3759,13,page_view,1775585739
3760,13,session_start,1776445567
3761,13,session_start,1776200403
3762,13,session_start,1775802525
3763,19,page_view,1777339408
3764,19,page_view,1775030653
3765,20,session_start,1775038677
3766,30,page_view,1775245105
3767,30,page_view,1776410275
3768,31,page_view,1777300893
3769,31,session_start,1775751333
3770,32,session_start,1777387646
3771,32,page_view,1777584423
3772,32,page_view,1775173058
3773,32,page_view,1775101896
3774,32,page_view,1777331353
3775,39,page_view,1775303270
3776,39,session_start,1776716445
3777,39,session_start,1777473642
3778,39,session_start,1777447663
3779,40,session_start,1776551543
3780,40,session_start,1776577410
3781,40,session_start,1776442156
3782,40,session_start,1776954126
3783,42,session_start,1775823307
3784,45,session_start,1776316059
3785,45,session_start,1775108365
3786,45,session_start,1775126185
3787,45,session_start,1776429454
3788,47,session_start,1777584082
3789,47,session_start,1776853126
3790,47,page_view,1777307008
3791,48,page_view,1776042760
3792,48,page_view,1777021246
3793,48,page_view,1776598404
3794,48,page_view,1776414194
3795,48,page_view,1776616173
3796,48,session_start,1775049624
3797,51,session_start,1775161428
3798,51,session_start,1775301138
3799,52,page_view,1775005739
3800,52,session_start,1776416275
3801,52,page_view,1776309081
3802,52,session_start,1775481338
3803,52,page_view,1776454491
3804,52,page_view,1777135100
3805,54,page_view,1775709091
3806,54,page_view,1776506170
3807,54,session_start,1775179380
3808,54,page_view,1775278382
3809,54,session_start,1777401415
3810,54,page_view,1775444511
3811,55,page_view,1775638545
3812,55,page_view,1775617867
3813,55,page_view,1776678304
3814,55,page_view,1775684613
3815,55,session_start,1775595308
3816,58,session_start,1777321472
3817,58,page_view,1776097990
3818,58,session_start,1776875365
3819,58,page_view,1775538398
3820,59,page_view,1776292707
3821,62,session_start,1777225859
3822,62,session_start,1777092680
3823,64,session_start,1777277457
3824,64,session_start,1776267537
3825,64,page_view,1777030683
3826,64,session_start,1775473951
3827,77,page_view,1775867985
3828,77,session_start,1776404353
3829,77,page_view,1775900925
3830,78,page_view,1775146866
3831,78,page_view,1775740623
3832,78,session_start,1776678269
3833,78,page_view,1777130761
3834,78,session_start,1776756161
3835,78,session_start,1776732984
3836,78,page_view,1775893659
3837,78,page_view,1776150188
3838,79,page_view,1776487224
3839,79,session_start,1777555978
3840,79,session_start,1776801777
3841,79,page_view,1777146057
3842,79,page_view,1776349162
3843,79,session_start,1776489157
3844,80,session_start,1777023540
3845,80,page_view,1776333062
3846,81,page_view,1775677871
3847,81,session_start,1775638575
3848,81,page_view,1776195885
3849,81,session_start,1775031073
3850,81,session_start,1775287305
3851,81,session_start,1776005185
3852,82,page_view,1775974556
3853,82,page_view,1775865572
3854,82,session_start,1776183695
3855,82,session_start,1776968282
3856,82,session_start,1775730494
3857,82,session_start,1775989334
3858,82,page_view,1777449913
3859,83,page_view,1776030993
3860,83,page_view,1775900383
3861,84,session_start,1776081357
3862,84,page_view,1777316117
3863,84,page_view,1776964249
3864,84,session_start,1776138223
3865,85,page_view,1777401243
3866,85,session_start,1775447558
3867,85,page_view,1775570342
3868,85,session_start,1775063577
3869,90,session_start,1775965196
3870,92,session_start,1775721699
3871,92,page_view,1775473664
3872,92,page_view,1776032305
3873,92,page_view,1776751474
3874,94,page_view,1777457110
3875,95,session_start,1776828435
3876,95,session_start,1776235100
3877,95,session_start,1775390512
3878,95,page_view,1777496370
3879,95,page_view,1777287840
3880,97,session_start,1777316418
3881,97,page_view,1776273192
3882,97,session_start,1775117780
3883,99,page_view,1775681767
3884,104,page_view,1775696168
3885,104,page_view,1775988828
3886,104,session_start,1777165784
3887,119,page_view,1775813296
3888,119,page_view,1777121789
3889,119,page_view,1775146325
3890,120,session_start,1775285869
3891,120,session_start,1777435219
3892,120,page_view,1775254881
3893,120,session_start,1776495965
3894,126,page_view,1775338805
3895,126,page_view,1775298563
3896,126,page_view,1775920470
3897,127,page_view,1777393905
3898,127,session_start,1777056842
3899,127,session_start,1777287676
3900,127,session_start,1777129688
3901,129,session_start,1776722257
3902,129,session_start,1776413648
3903,129,session_start,1775497771
3904,130,session_start,1776849460
3905,130,page_view,1776327320
3906,130,page_view,1777390046
3907,130,page_view,1775472297
3908,132,session_start,1775237353
3909,133,page_view,1775531531
3910,133,page_view,1775331877
3911,133,page_view,1775197733
3912,133,page_view,1777560875
3913,133,page_view,1775121979
3914,135,session_start,1775057546
3915,135,page_view,1776561459
3916,135,page_view,1777550192
3917,136,page_view,1777001633
3918,136,session_start,1776297843
3919,136,session_start,1777443796
3920,136,session_start,1776715589
3921,138,session_start,1775482655
3922,138,session_start,1775385832
3923,141,page_view,1775140223
3924,141,session_start,1777404501
3925,141,session_start,1777302877
3926,141,session_start,1777027157
3927,143,page_view,1776091583
3928,143,page_view,1776129667
3929,143,page_view,1777451497
3930,143,page_view,1777142680
3931,143,page_view,1777286602
3932,146,page_view,1777038313
3933,147,page_view,1776236699
3934,147,session_start,1776696401
3935,161,page_view,1775934401
3936,161,page_view,1777425369
3937,161,session_start,1777008924
3938,161,session_start,1776962728
3939,162,page_view,1775605397
3940,164,session_start,1775027588
3941,164,page_view,1777071199
3942,165,page_view,1775812518
3943,165,session_start,1776510874
3944,165,session_start,1776478359
3945,165,page_view,1775108967
3946,165,session_start,1775259239
3947,165,session_start,1776045743
3948,165,page_view,1776312284
3949,166,session_start,1775706765
3950,166,page_view,1776321179
3951,166,page_view,1777114182
3952,166,session_start,1776377748
3953,166,page_view,1777200239
3954,168,session_start,1776856004
3955,168,session_start,1776283443
3956,168,page_view,1776924463
3957,168,session_start,1775830722
3958,168,page_view,1775846811
3959,168,page_view,1775673406
3960,168,page_view,1776453268
3961,169,page_view,1775615518
3962,169,page_view,1776771596
3963,169,session_start,1775839481
3964,171,page_view,1776540222
3965,171,page_view,1777174188
3966,171,page_view,1776468963
3967,172,page_view,1777245521
3968,172,page_view,1777489606
3969,173,page_view,1775175814
3970,173,page_view,1776572913
3971,174,page_view,1776756152
3972,174,session_start,1776789171
3973,174,session_start,1776796997
3974,174,session_start,1775470517
3975,176,session_start,1775084057
3976,177,session_start,1777128777
3977,177,page_view,1776078516
3978,177,session_start,1777522784
3979,179,page_view,1777034088
3980,179,page_view,1776214666
3981,180,page_view,1775496646
3982,180,session_start,1776986803
3983,180,page_view,1777134274
3984,180,session_start,1777139092
3985,180,session_start,1776521333
3986,182,session_start,1775102493
3987,182,session_start,1775234663
3988,182,session_start,1776137314
3989,182,session_start,1776796778
3990,184,session_start,1775096352
3991,186,page_view,1777485680
3992,188,session_start,1776915613
3993,188,page_view,1775450918
3994,188,session_start,1777380386
3995,188,session_start,1775609743
3996,188,session_start,1775558931
3997,191,session_start,1775020395
3998,191,page_view,1775030298
3999,205,session_start,1776210725
4000,205,session_start,1775357703
4001,205,session_start,1776904178
4002,205,page_view,1776877789
4003,205,session_start,1776167481
4004,205,session_start,1775615110
4005,205,session_start,1775950489
4006,207,session_start,1776953109
4007,207,page_view,1775047649
4008,207,session_start,1776415306
4009,211,session_start,1775764783
4010,211,session_start,1775255057
4011,211,page_view,1775563418
4012,211,page_view,1776260258
4013,211,session_start,1776679925
4014,211,session_start,1775588465
4015,211,page_view,1775200887
4016,213,page_view,1776578160
4017,213,page_view,1775931830
4018,215,page_view,1775772575
4019,215,page_view,1775858983
4020,215,session_start,1776090083
4021,215,page_view,1776639504
4022,215,page_view,1775517488
4023,215,page_view,1775688942
4024,215,page_view,1775958457
4025,217,session_start,1775125972
4026,217,page_view,1776024324
4027,217,session_start,1775800764
4028,217,session_start,1777379854
4029,217,page_view,1775805279
4030,219,session_start,1775272020
4031,226,page_view,1776592038
4032,226,page_view,1775907010
4033,226,session_start,1777468294
4034,226,session_start,1775711156
4035,227,page_view,1776438625
4036,227,page_view,1777348775
4037,229,session_start,1775003196
4038,229,session_start,1777015542
4039,230,page_view,1777495581
4040,231,page_view,1775886029
4041,231,page_view,1776975096
4042,232,page_view,1777285207
4043,232,page_view,1776973172
4044,232,session_start,1775295267
4045,232,page_view,1777268373
4046,233,session_start,1777482467
4047,233,page_view,1776812402
4048,235,session_start,1776304749
4049,235,page_view,1776309291
4050,235,page_view,1776470878
4051,245,page_view,1777052008
4052,245,session_start,1776537941
4053,245,page_view,1775471746
4054,246,session_start,1776874595
4055,246,session_start,1776893297
4056,246,session_start,1776534943
4057,246,page_view,1775628697
4058,248,page_view,1777428701
4059,248,page_view,1775561998
4060,248,page_view,1775766388
4061,250,page_view,1776076045
4062,250,page_view,1775244103
4063,251,session_start,1776924162
4064,251,session_start,1777319881
4065,251,session_start,1776036307
4066,251,page_view,1775754496
4067,252,session_start,1777273359
4068,252,session_start,1775592681
4069,252,session_start,1776548560
4070,252,session_start,1776684291
4071,252,page_view,1776934794
4072,253,page_view,1777583065
4073,253,page_view,1777290403
4074,253,page_view,1775740867
4075,253,session_start,1776740506
4076,255,page_view,1776109793
4077,255,session_start,1776602719
4078,255,session_start,1775767178
4079,255,session_start,1775106853
4080,255,session_start,1775983140
4081,257,session_start,1776403059
4082,257,page_view,1775213999
4083,257,page_view,1775980742
4084,258,page_view,1775355929
4085,258,page_view,1775985811
4086,258,page_view,1777538062
4087,259,session_start,1776281469
4088,259,session_start,1775032361
4089,265,session_start,1775564433
4090,265,page_view,1775247869
4091,265,page_view,1776060295
4092,265,session_start,1776688954
4093,265,session_start,1777175174
4094,265,page_view,1777246560
4095,267,session_start,1777497340
4096,267,page_view,1776996572
4097,267,page_view,1776339791
4098,267,page_view,1777443122
4099,268,page_view,1776026584
4100,268,session_start,1775666133
4101,268,page_view,1776234114
4102,268,page_view,1776784965
4103,269,page_view,1776922640
4104,269,session_start,1777100805
4105,269,page_view,1776706940
4106,269,page_view,1776416809
4107,272,session_start,1776316799
4108,272,page_view,1777069604
4109,272,session_start,1777523196
4110,272,page_view,1776198011
4111,272,page_view,1776429840
4112,272,page_view,1776731931
4113,273,session_start,1776535258
4114,273,page_view,1776803802
4115,273,session_start,1775064626
4116,273,page_view,1776852601
4117,274,page_view,1777094694
4118,274,page_view,1775574842
4119,274,session_start,1776830833
4120,274,page_view,1775843104
4121,277,page_view,1777056591
4122,287,session_start,1776783026
4123,287,session_start,1776773289
4124,287,session_start,1775447185
4125,287,session_start,1776911309
4126,288,page_view,1775944184
4127,288,session_start,1775003418
4128,288,page_view,1777510973
4129,289,page_view,1776794783
4130,289,session_start,1775535685
4131,289,page_view,1775050295
4132,290,page_view,1777095079
4133,290,page_view,1775844854
4134,291,session_start,1777080866
4135,291,session_start,1776889364
4136,293,page_view,1776295613
4137,293,page_view,1777338751
4138,293,page_view,1775385570
4139,295,page_view,1777215405
4140,295,page_view,1776169361
4141,295,page_view,1777471799
4142,296,session_start,1776821795
4143,296,session_start,1777031943
4144,299,session_start,1775979355
4145,299,session_start,1775709460
4146,299,session_start,1775126040
4147,299,page_view,1776485962
4148,299,page_view,1776438516
4149,299,session_start,1777563592
4150,300,session_start,1777570032
4151,302,page_view,1776928843
4152,303,page_view,1776598661
4153,303,page_view,1777403448
4154,303,page_view,1776451642
4155,303,page_view,1777201098
4156,303,page_view,1775185197
4157,303,session_start,1776958349
4158,304,page_view,1776427458
4159,307,session_start,1775270158
4160,307,page_view,1775770333
4161,307,session_start,1777182983
4162,307,page_view,1776638529
4163,311,page_view,1776975796
4164,311,page_view,1776667704
4165,311,session_start,1776218131
4166,311,page_view,1775360642
4167,311,page_view,1775851046
4168,312,session_start,1776616229
4169,312,session_start,1776124182
4170,312,page_view,1777046654
4171,312,session_start,1775672660
4172,312,page_view,1776609808
4173,312,session_start,1775654396
4174,313,session_start,1775293158
4175,313,page_view,1775751709
4176,313,session_start,1776403661
4177,313,page_view,1776069382
4178,313,page_view,1775175768
4179,313,page_view,1775867393
4180,313,page_view,1775725996
4181,317,session_start,1776717773
4182,317,session_start,1777373644
4183,317,session_start,1775742504
4184,317,page_view,1777103247
4185,317,session_start,1775157856
4186,330,session_start,1776763966
4187,330,session_start,1777181209
4188,330,session_start,1775320907
4189,330,page_view,1775610732
4190,332,session_start,1777502084
4191,332,session_start,1775993437
4192,332,page_view,1776580681
4193,333,page_view,1775180500
4194,334,page_view,1777018508
4195,334,session_start,1775471529
4196,334,page_view,1777396183
4197,336,session_start,1775486079
4198,336,page_view,1775607971
4199,336,session_start,1776238807
4200,340,session_start,1775703302
4201,342,page_view,1775688080
4202,342,page_view,1777084975
4203,343,page_view,1776856913
4204,343,session_start,1776281020
4205,345,page_view,1776921231
4206,345,session_start,1776767686
4207,345,page_view,1776264670
4208,346,page_view,1776925915
4209,346,session_start,1775965534
4210,346,page_view,1775308337
4211,346,page_view,1777181053
4212,350,page_view,1775037352
4213,356,page_view,1776737837
4214,356,session_start,1775873574
4215,356,page_view,1775638761
4216,357,session_start,1775119617
4217,357,session_start,1776263702
4218,365,page_view,1777257434
4219,365,session_start,1777575559
4220,365,page_view,1777365025
4221,365,session_start,1777417170
4222,365,page_view,1777358486
4223,372,page_view,1775290877
4224,372,page_view,1776631219
4225,372,page_view,1775312449
4226,372,page_view,1775982197
4227,374,session_start,1776979140
4228,375,page_view,1776853643
4229,377,session_start,1775210970
4230,377,page_view,1777394271
4231,377,session_start,1776244358
4232,377,page_view,1776053381
4233,377,session_start,1775576571
4234,377,page_view,1775147802
4235,378,page_view,1775154448
4236,380,page_view,1776805268
4237,380,session_start,1777146872
4238,380,session_start,1775675878
4239,380,session_start,1776861001
4240,381,page_view,1777062157
4241,381,session_start,1777588992
4242,381,page_view,1776309886
4243,381,session_start,1775115633
4244,381,session_start,1775293113
4245,381,page_view,1775799469
4246,381,session_start,1776140723
4247,387,page_view,1775764686
4248,387,page_view,1775830663
4249,387,session_start,1777530068
4250,387,page_view,1777181119
4251,388,page_view,1775571771
4252,388,session_start,1776033961
4253,388,session_start,1775569525
4254,388,page_view,1776168661
4255,392,page_view,1776732487
4256,392,page_view,1775581489
4257,392,page_view,1777067309
4258,392,page_view,1775632506
4259,392,session_start,1775430935
4260,392,page_view,1776193995
4261,392,session_start,1775248372
4262,392,page_view,1777574297
4263,392,session_start,1776986921
4264,392,session_start,1775269252
4265,392,page_view,1777505765
4266,392,session_start,1775186088
4267,392,session_start,1776955121
4268,392,session_start,1776305513
4269,392,session_start,1775268946
4270,392,page_view,1777040203
4271,392,session_start,1777313124
4272,392,page_view,1777262342
4273,392,session_start,1777166646
4274,392,page_view,1775752456
4275,392,page_view,1775942439
4276,392,session_start,1776677591
4277,392,session_start,1776507495
4278,393,session_start,1776488854
4279,393,session_start,1775957277
4280,393,page_view,1776468162
4281,393,session_start,1777409731
4282,393,page_view,1776992446
4283,393,page_view,1776640454
4284,393,session_start,1775560138
4285,393,session_start,1775334361
4286,393,page_view,1776874511
4287,393,page_view,1775239004
4288,393,page_view,1776667036
4289,393,session_start,1776928197
4290,393,page_view,1776719159
4291,393,session_start,1776297646
4292,393,session_start,1775073160
4293,393,page_view,1777260226
4294,393,page_view,1775463863
4295,393,session_start,1775312212
4296,394,page_view,1776451756
4297,394,page_view,1776075436
4298,394,page_view,1775713866
4299,394,session_start,1776274041
4300,394,page_view,1776239929
4301,394,page_view,1775107839
4302,394,session_start,1775392379
4303,394,session_start,1776621780
4304,394,session_start,1776658555
4305,394,session_start,1777039497
4306,394,page_view,1776712815
4307,394,session_start,1777160997
4308,394,session_start,1776327774
4309,394,page_view,1775417613
4310,394,page_view,1776104094
4311,394,session_start,1775354324
4312,394,page_view,1776747791
4313,394,session_start,1777057499
4314,394,session_start,1777498191
4315,394,session_start,1775637844
4316,398,session_start,1777228233
4317,398,session_start,1776110133
4318,398,session_start,1776191894
4319,398,page_view,1776934218
4320,398,page_view,1776501123
4321,398,page_view,1776718853
4322,398,page_view,1776300012
4323,398,session_start,1777196211
4324,398,page_view,1775344094
4325,398,page_view,1775855591
4326,398,page_view,1777071515
4327,398,page_view,1777046304
4328,398,session_start,1777159545
4329,398,page_view,1777247852
4330,398,session_start,1776258060
4331,398,page_view,1777193562
4332,398,page_view,1775758891
4333,398,page_view,1776420502
4334,398,page_view,1775792292
4335,398,page_view,1776342217
4336,398,session_start,1775075894
4337,398,session_start,1776413062
4338,398,session_start,1777102300
4339,399,session_start,1776499860
4340,399,page_view,1776156944
4341,399,page_view,1776132959
4342,399,page_view,1776234898
4343,399,session_start,1775664618
4344,399,session_start,1777204914
4345,399,session_start,1775665069
4346,399,page_view,1777459018
4347,399,page_view,1775585623
4348,399,session_start,1775693607
4349,399,page_view,1776621144
4350,399,page_view,1777383295
4351,399,session_start,1776935718
4352,399,page_view,1775123834
4353,399,page_view,1777434577
4354,399,session_start,1777557897
4355,399,page_view,1775075692
4356,399,page_view,1775325285
4357,399,session_start,1775181871
4358,399,session_start,1776974025
4359,399,session_start,1776717116
4360,399,session_start,1777464449
4361,399,page_view,1776721375
4362,399,page_view,1775453496
4363,399,session_start,1776514654
4364,399,page_view,1776810138
4365,399,session_start,1776952484
4366,399,session_start,1776018194
4367,400,session_start,1777359316
4368,400,session_start,1777391591
4369,400,page_view,1777384955
4370,400,page_view,1775554066
4371,400,session_start,1775353156
4372,400,page_view,1776622186
4373,400,session_start,1775757575
4374,400,page_view,1775483015
4375,400,page_view,1776320185
4376,400,session_start,1775282872
4377,400,session_start,1775891710
4378,400,session_start,1775361342
4379,400,page_view,1775054638
4380,400,page_view,1775695477
4381,400,session_start,1776546248
4382,400,page_view,1775378299
4383,400,session_start,1777582370
4384,400,session_start,1776022687
4385,400,page_view,1776660893
4386,400,page_view,1776147223
4387,400,session_start,1775041752
4388,400,page_view,1777568845
4389,400,page_view,1775528242
4390,400,page_view,1776953855
4391,400,page_view,1775922495
4392,400,page_view,1777058899
4393,400,page_view,1777001685
4394,400,page_view,1776109768
4395,404,session_start,1776339166
4396,404,session_start,1776457818
4397,404,session_start,1777139204
4398,404,page_view,1776120881
4399,404,page_view,1775148531
4400,404,page_view,1776933822
4401,404,page_view,1775726052
4402,404,page_view,1777251198
4403,404,session_start,1776196236
4404,404,session_start,1775223926
4405,404,session_start,1775890507
4406,404,session_start,1777202163
4407,404,page_view,1776678684
4408,404,session_start,1776877188
4409,404,page_view,1777331413
4410,404,page_view,1777370629
4411,404,session_start,1775047225
4412,404,session_start,1777343579
4413,404,page_view,1777206418
4414,404,page_view,1776137635
4415,404,session_start,1775970403
4416,405,session_start,1775005288
4417,405,session_start,1777156335
4418,405,page_view,1775482320
4419,405,page_view,1777019791
4420,405,page_view,1776652433
4421,405,session_start,1777209158
4422,405,page_view,1777027219
4423,405,page_view,1775614487
4424,405,page_view,1776877462
4425,405,page_view,1775134620
4426,405,session_start,1777456224
4427,405,page_view,1776209024
4428,405,session_start,1775125563
4429,405,page_view,1776558677
4430,405,session_start,1777549001
4431,405,session_start,1775177510
4432,405,session_start,1776103288
4433,406,page_view,1776309993
4434,406,page_view,1776283834
4435,406,page_view,1776837655
4436,406,page_view,1776401458
4437,406,session_start,1775421391
4438,406,page_view,1776332449
4439,406,page_view,1775458002
4440,406,session_start,1777280787
4441,406,page_view,1776259014
4442,406,page_view,1776221938
4443,406,session_start,1775238786
4444,406,page_view,1777433361
4445,406,page_view,1775781801
4446,406,page_view,1775468176
4447,406,page_view,1775457998
4448,406,page_view,1776329146
4449,410,page_view,1777081371
4450,410,session_start,1776321035
4451,410,page_view,1775358398
4452,410,session_start,1776506459
4453,410,session_start,1777227847
4454,410,page_view,1777349798
4455,410,page_view,1777306840
4456,410,session_start,1776901801
4457,410,session_start,1775295973
4458,410,session_start,1775242256
4459,410,session_start,1776506847
4460,410,page_view,1775628590
4461,410,session_start,1775282226
4462,410,page_view,1776344977
4463,410,session_start,1775107718
4464,410,page_view,1777035857
4465,410,page_view,1775758189
4466,410,session_start,1776254948
4467,410,page_view,1775302169
4468,410,page_view,1777177993
4469,410,session_start,1776974907
4470,410,page_view,1777095861
4471,410,page_view,1775853605
4472,410,page_view,1777441359
4473,410,page_view,1777127849
4474,410,page_view,1776224380
4475,410,page_view,1775828009
4476,410,session_start,1777352549
4477,411,session_start,1775586293
4478,411,session_start,1776451183
4479,411,session_start,1775256232
4480,411,session_start,1776235387
4481,411,page_view,1776859496
4482,411,session_start,1777265697
4483,411,session_start,1777384814
4484,411,page_view,1776873162
4485,411,session_start,1776600597
4486,411,page_view,1776905253
4487,411,page_view,1776771189
4488,411,page_view,1776052281
4489,412,session_start,1777227489
4490,412,page_view,1776922067
4491,412,page_view,1775171925
4492,412,page_view,1777545205
4493,412,page_view,1775894198
4494,412,session_start,1776913313
4495,412,session_start,1776065666
4496,412,page_view,1775022607
4497,412,session_start,1775224857
4498,412,page_view,1777077920
4499,412,page_view,1776275236
4500,412,session_start,1775537047
4501,412,session_start,1775074189
4502,412,page_view,1775397100
4503,412,session_start,1777113509
4504,412,session_start,1776369281
4505,412,session_start,1777144348
4506,1,page_view,1779474590
4507,1,page_view,1778898031
4508,1,page_view,1778920526
4509,1,page_view,1778460698
4510,3,session_start,1779250083
4511,3,session_start,1779720282
4512,3,session_start,1779295267
4513,3,session_start,1777750103
4514,4,page_view,1780015049
4515,6,page_view,1780228841
4516,7,page_view,1779116833
4517,7,session_start,1778973341
4518,9,session_start,1779195175
4519,9,session_start,1779509510
4520,9,session_start,1780176748
4521,9,page_view,1779032571
4522,9,page_view,1778833825
4523,10,page_view,1778261623
4524,10,page_view,1779544088
4525,12,session_start,1777792078
4526,12,page_view,1778983178
4527,12,page_view,1779012317
4528,14,session_start,1779452429
4529,18,page_view,1778955458
4530,19,page_view,1778534975
4531,19,session_start,1777892847
4532,19,session_start,1780181610
4533,19,session_start,1779457441
4534,19,session_start,1779981407
4535,19,session_start,1780202650
4536,21,page_view,1779434677
4537,23,session_start,1777909209
4538,23,session_start,1779289404
4539,26,page_view,1780234387
4540,26,page_view,1779997332
4541,26,page_view,1778007932
4542,26,session_start,1779836237
4543,27,session_start,1779435068
4544,27,session_start,1778325755
4545,27,session_start,1779412583
4546,27,session_start,1777957640
4547,27,session_start,1778081279
4548,27,session_start,1777728705
4549,27,page_view,1779772702
4550,27,page_view,1778671865
4551,28,page_view,1780188507
4552,28,page_view,1778512313
4553,29,session_start,1778953421
4554,29,session_start,1779950899
4555,29,session_start,1779094976
4556,30,session_start,1778414929
4557,30,page_view,1778797263
4558,30,page_view,1778541856
4559,30,session_start,1778538213
4560,33,session_start,1779638157
4561,33,page_view,1778580825
4562,33,page_view,1777812329
4563,33,session_start,1778150657
4564,34,session_start,1780111564
4565,34,session_start,1777723175
4566,34,page_view,1778901195
4567,34,session_start,1780258791
4568,34,page_view,1777830641
4569,34,page_view,1777651616
4570,35,page_view,1779585715
4571,37,page_view,1777663393
4572,37,session_start,1779876855
4573,37,session_start,1778503055
4574,37,session_start,1778498830
4575,40,session_start,1778073522
4576,40,page_view,1780213550
4577,40,session_start,1778821027
4578,41,session_start,1779909606
4579,41,session_start,1779715264
4580,41,page_view,1778629935
4581,41,session_start,1777841109
4582,41,page_view,1779315983
4583,42,page_view,1778309739
4584,42,session_start,1779271068
4585,42,page_view,1779449111
4586,42,session_start,1779019956
4587,43,session_start,1780240222
4588,43,session_start,1778774675
4589,43,page_view,1778121378
4590,43,page_view,1779780246
4591,44,page_view,1777710162
4592,47,page_view,1778058963
4593,47,page_view,1778492061
4594,47,page_view,1778742293
4595,48,page_view,1779548038
4596,48,session_start,1779550384
4597,48,page_view,1779922710
4598,48,page_view,1779877856
4599,52,session_start,1777917164
4600,52,session_start,1778463173
4601,52,session_start,1778683327
4602,54,session_start,1778047188
4603,54,session_start,1779404645
4604,58,page_view,1778125206
4605,58,page_view,1779895187
4606,58,session_start,1778742665
4607,58,page_view,1779296083
4608,58,session_start,1779015373
4609,58,session_start,1777944228
4610,59,page_view,1779662583
4611,59,session_start,1778278633
4612,59,session_start,1780045912
4613,59,page_view,1779059655
4614,59,page_view,1779142783
4615,60,page_view,1778984961
4616,60,page_view,1779184309
4617,60,page_view,1777703644
4618,63,page_view,1778999326
4619,63,page_view,1779686892
4620,63,page_view,1779975507
4621,63,session_start,1780157477
4622,63,page_view,1779409190
4623,64,session_start,1779084888
4624,64,page_view,1777819803
4625,64,session_start,1779523559
4626,64,page_view,1779544535
4627,64,page_view,1779170963
4628,64,page_view,1777649655
4629,64,page_view,1779452856
4630,65,page_view,1778695327
4631,65,page_view,1779643400
4632,65,session_start,1778583550
4633,65,page_view,1779120762
4634,71,session_start,1778263163
4635,71,session_start,1778139506
4636,77,page_view,1778833838
4637,85,session_start,1778002915
4638,85,page_view,1778972112
4639,85,page_view,1779005638
4640,86,session_start,1780086576
4641,92,session_start,1779130876
4642,92,session_start,1779772831
4643,92,session_start,1778524044
4644,92,page_view,1778057875
4645,94,session_start,1777620393
4646,94,page_view,1779970588
4647,95,page_view,1779443518
4648,95,page_view,1777618874
4649,95,session_start,1779905639
4650,97,session_start,1779862460
4651,97,page_view,1779626053
4652,97,page_view,1779364095
4653,103,page_view,1778926785
4654,103,session_start,1777782666
4655,103,session_start,1778330805
4656,103,session_start,1779415867
4657,103,session_start,1778576191
4658,106,session_start,1778150397
4659,106,page_view,1778136868
4660,106,session_start,1779415648
4661,106,session_start,1779877650
4662,106,session_start,1779819438
4663,106,session_start,1778658420
4664,107,session_start,1779975621
4665,107,session_start,1780099154
4666,110,page_view,1780076952
4667,110,page_view,1779015148
4668,110,session_start,1779049994
4669,113,page_view,1779722963
4670,113,page_view,1780000376
4671,113,session_start,1780163553
4672,113,page_view,1779619543
4673,119,page_view,1778540628
4674,119,page_view,1778116452
4675,119,page_view,1778130166
4676,123,session_start,1780101077
4677,123,session_start,1778616106
4678,123,session_start,1779371423
4679,123,page_view,1778211836
4680,124,page_view,1777974895
4681,124,session_start,1778318728
4682,124,page_view,1779953082
4683,124,page_view,1778922375
4684,125,session_start,1780244664
4685,126,session_start,1779458109
4686,126,session_start,1779365143
4687,129,session_start,1778945229
4688,129,session_start,1779800730
4689,132,page_view,1779184249
4690,132,session_start,1779075666
4691,132,session_start,1779973060
4692,132,session_start,1779113521
4693,132,page_view,1779849210
4694,132,session_start,1779770726
4695,133,session_start,1778779727
4696,133,page_view,1779573882
4697,133,page_view,1779544620
4698,133,page_view,1777688737
4699,133,page_view,1779418963
4700,135,page_view,1777876994
4701,135,session_start,1779451920
4702,136,session_start,1779263828
4703,136,page_view,1779637761
4704,136,session_start,1779033017
4705,136,session_start,1780152865
4706,136,session_start,1779414360
4707,136,page_view,1777851687
4708,138,page_view,1779578626
4709,140,page_view,1777666666
4710,140,session_start,1777881128
4711,140,page_view,1777782176
4712,141,session_start,1779453344
4713,141,page_view,1778739295
4714,142,page_view,1778811699
4715,146,page_view,1779772102
4716,146,page_view,1778613030
4717,146,page_view,1779659860
4718,146,session_start,1777842113
4719,146,session_start,1778901497
4720,151,session_start,1777722656
4721,153,page_view,1780271660
4722,153,session_start,1780269071
4723,153,session_start,1780254457
4724,153,page_view,1780255448
4725,164,page_view,1778905960
4726,166,session_start,1778862835
4727,166,session_start,1778884159
4728,167,session_start,1779957456
4729,167,page_view,1779821947
4730,172,page_view,1778394660
4731,172,session_start,1780200412
4732,172,page_view,1779792261
4733,172,session_start,1778073721
4734,172,session_start,1778765906
4735,173,page_view,1780265492
4736,173,page_view,1779856153
4737,173,session_start,1778519255
4738,173,session_start,1778587038
4739,173,page_view,1778201265
4740,176,page_view,1779746526
4741,178,session_start,1780092964
4742,178,session_start,1778765595
4743,179,session_start,1779543352
4744,179,page_view,1779343765
4745,179,page_view,1778434197
4746,179,session_start,1780185891
4747,180,session_start,1778576771
4748,180,session_start,1778739713
4749,180,session_start,1778988718
4750,180,page_view,1777631096
4751,180,session_start,1778285910
4752,182,page_view,1780072406
4753,182,session_start,1778772989
4754,182,page_view,1780178289
4755,182,page_view,1779091332
4756,182,session_start,1779870982
4757,183,page_view,1777668409
4758,183,page_view,1780178010
4759,183,session_start,1779640605
4760,183,session_start,1778500509
4761,185,page_view,1779825940
4762,186,page_view,1779929872
4763,186,session_start,1778484987
4764,186,page_view,1778245934
4765,187,session_start,1779479422
4766,187,session_start,1778746694
4767,187,page_view,1779604658
4768,189,session_start,1779669508
4769,189,session_start,1779939512
4770,189,page_view,1779166463
4771,189,page_view,1780138464
4772,190,session_start,1777862601
4773,190,page_view,1778320603
4774,190,session_start,1779373353
4775,192,page_view,1779635169
4776,192,page_view,1779383164
4777,192,page_view,1779908452
4778,194,page_view,1778298293
4779,194,session_start,1779844590
4780,194,page_view,1780035141
4781,194,session_start,1779155423
4782,203,page_view,1777856888
4783,204,session_start,1778231566
4784,204,session_start,1778901082
4785,206,session_start,1778439684
4786,207,page_view,1779170686
4787,207,page_view,1779491273
4788,207,page_view,1778346168
4789,207,page_view,1778809982
4790,208,session_start,1777737911
4791,208,page_view,1779592888
4792,208,page_view,1778192935
4793,211,session_start,1777824186
4794,211,session_start,1779451400
4795,211,page_view,1780037044
4796,214,session_start,1778535302
4797,214,page_view,1779763019
4798,220,page_view,1780150867
4799,220,session_start,1779593482
4800,220,session_start,1779804970
4801,221,page_view,1780110728
4802,221,page_view,1779992514
4803,221,page_view,1777976728
4804,221,page_view,1777682543
4805,221,page_view,1779032232
4806,222,session_start,1778793727
4807,222,page_view,1778265173
4808,222,page_view,1778865233
4809,222,session_start,1779337560
4810,226,session_start,1780140294
4811,226,session_start,1779130074
4812,227,page_view,1777866171
4813,227,page_view,1778647029
4814,227,session_start,1779686058
4815,227,session_start,1779055843
4816,227,session_start,1780200692
4817,227,page_view,1780147701
4818,230,page_view,1778067710
4819,230,session_start,1780196347
4820,230,session_start,1779954566
4821,233,session_start,1780240709
4822,233,page_view,1778526182
4823,233,session_start,1778545036
4824,233,page_view,1779562851
4825,233,page_view,1778270146
4826,236,session_start,1780019615
4827,236,session_start,1779985413
4828,236,page_view,1778660947
4829,239,session_start,1778771316
4830,245,page_view,1777677244
4831,245,session_start,1777801021
4832,245,page_view,1779348804
4833,246,session_start,1778682722
4834,246,session_start,1779058048
4835,246,page_view,1778039785
4836,246,page_view,1777753297
4837,246,page_view,1779115683
4838,248,session_start,1779925351
4839,248,page_view,1777991694
4840,248,session_start,1778466658
4841,249,page_view,1777948248
4842,253,session_start,1778200508
4843,253,page_view,1778109697
4844,253,session_start,1778715665
4845,254,page_view,1779518591
4846,254,session_start,1777800257
4847,254,session_start,1778352468
4848,254,page_view,1779261850
4849,254,page_view,1779091936
4850,255,page_view,1779889896
4851,255,session_start,1779469080
4852,255,page_view,1780036666
4853,258,session_start,1778528816
4854,258,page_view,1780260967
4855,258,page_view,1778080071
4856,261,page_view,1780253702
4857,261,session_start,1779957362
4858,262,page_view,1778810145
4859,262,session_start,1777861048
4860,263,session_start,1778137765
4861,263,session_start,1778359204
4862,265,page_view,1778055317
4863,267,session_start,1778267471
4864,267,page_view,1778811260
4865,267,session_start,1777825865
4866,267,page_view,1778795962
4867,268,session_start,1779751836
4868,268,page_view,1779566967
4869,268,session_start,1778628368
4870,268,page_view,1778507616
4871,268,session_start,1778878221
4872,273,session_start,1779763673
4873,273,session_start,1780053505
4874,273,page_view,1778649935
4875,273,session_start,1779043258
4876,275,page_view,1780151611
4877,275,page_view,1779305999
4878,275,page_view,1779937976
4879,275,session_start,1778293630
4880,275,session_start,1779980301
4881,275,session_start,1778139787
4882,276,session_start,1778517840
4883,276,page_view,1779815996
4884,276,page_view,1779595990
4885,287,session_start,1779617808
4886,287,page_view,1778466919
4887,287,page_view,1779436627
4888,287,session_start,1778004940
4889,287,session_start,1778447954
4890,287,session_start,1777627890
4891,289,page_view,1778862039
4892,289,session_start,1779087532
4893,289,page_view,1780192523
4894,289,session_start,1780057840
4895,289,page_view,1778357789
4896,291,page_view,1777841374
4897,291,session_start,1779108273
4898,291,session_start,1778757397
4899,295,session_start,1780132128
4900,295,page_view,1778077517
4901,295,session_start,1780085632
4902,295,page_view,1777891110
4903,295,session_start,1779260588
4904,295,session_start,1779388337
4905,296,session_start,1777977868
4906,296,page_view,1779318272
4907,296,page_view,1779847155
4908,296,session_start,1779685178
4909,297,page_view,1778481926
4910,297,page_view,1778308996
4911,297,session_start,1779132519
4912,297,session_start,1779559592
4913,297,page_view,1778906106
4914,297,session_start,1780045406
4915,302,page_view,1778519185
4916,303,page_view,1780076492
4917,303,session_start,1779529693
4918,303,page_view,1778176703
4919,303,session_start,1777858325
4920,305,session_start,1779497872
4921,307,page_view,1779564880
4922,307,page_view,1778501420
4923,307,session_start,1779822199
4924,307,session_start,1777881660
4925,308,page_view,1778820023
4926,308,page_view,1777960933
4927,308,session_start,1779510713
4928,311,session_start,1779958850
4929,311,session_start,1779060052
4930,311,session_start,1779926325
4931,311,page_view,1777774670
4932,311,page_view,1779278824
4933,311,session_start,1779521838
4934,311,page_view,1778081200
4935,313,session_start,1778007993
4936,313,session_start,1779815549
4937,313,session_start,1779904707
4938,313,session_start,1778530452
4939,313,page_view,1779770265
4940,315,session_start,1777926707
4941,315,page_view,1779182836
4942,319,session_start,1779243053
4943,319,page_view,1779504675
4944,319,session_start,1778367088
4945,319,session_start,1780115153
4946,319,page_view,1777744833
4947,319,session_start,1778677881
4948,329,page_view,1779162940
4949,329,page_view,1779335355
4950,329,page_view,1777750817
4951,330,page_view,1778833438
4952,330,page_view,1777638828
4953,330,page_view,1779369688
4954,330,session_start,1778679891
4955,330,page_view,1779093443
4956,332,page_view,1778866098
4957,332,session_start,1778357964
4958,334,session_start,1778459125
4959,334,session_start,1780043674
4960,338,page_view,1780263565
4961,338,session_start,1778783959
4962,338,session_start,1777769459
4963,339,page_view,1779909067
4964,339,session_start,1777719011
4965,340,session_start,1777972226
4966,340,session_start,1778328640
4967,340,session_start,1779956120
4968,340,session_start,1779586748
4969,340,session_start,1779588898
4970,340,session_start,1778243987
4971,342,page_view,1779609222
4972,342,session_start,1778822861
4973,343,session_start,1778853288
4974,343,page_view,1779021599
4975,343,page_view,1778753414
4976,345,page_view,1779877122
4977,345,page_view,1778260216
4978,345,session_start,1778134985
4979,345,page_view,1780012240
4980,345,session_start,1779515080
4981,346,page_view,1779634981
4982,346,page_view,1780184038
4983,347,page_view,1779364803
4984,347,session_start,1778300981
4985,347,page_view,1777844770
4986,350,page_view,1778543222
4987,350,session_start,1778439179
4988,350,page_view,1778233664
4989,350,session_start,1779970966
4990,350,session_start,1779143953
4991,352,page_view,1779376846
4992,352,page_view,1779206971
4993,352,session_start,1779832308
4994,352,page_view,1779851070
4995,352,page_view,1778916135
4996,352,session_start,1778704326
4997,357,session_start,1779790802
4998,357,page_view,1779152465
4999,357,session_start,1777888161
5000,358,page_view,1779440789
5001,358,session_start,1779820261
5002,358,session_start,1780266503
5003,358,session_start,1779882951
5004,358,page_view,1780014250
5005,359,session_start,1778536720
5006,362,session_start,1780242530
5007,362,session_start,1779775196
5008,362,session_start,1780014994
5009,365,session_start,1778759398
5010,365,page_view,1778863186
5011,365,session_start,1777755122
5012,365,page_view,1778573136
5013,365,page_view,1780194733
5014,374,page_view,1778050166
5015,374,page_view,1779242455
5016,374,page_view,1779735004
5017,375,session_start,1780259031
5018,375,page_view,1778631566
5019,375,page_view,1778434583
5020,375,session_start,1778935272
5021,375,session_start,1778203415
5022,375,session_start,1778948128
5023,376,page_view,1778952454
5024,376,page_view,1777990587
5025,376,page_view,1779156622
5026,378,session_start,1780057740
5027,378,page_view,1778997599
5028,378,page_view,1779681791
5029,379,page_view,1777599943
5030,379,session_start,1780124311
5031,379,session_start,1778283980
5032,381,page_view,1779723062
5033,382,page_view,1778272039
5034,382,session_start,1778012833
5035,382,page_view,1779411552
5036,382,page_view,1779967465
5037,383,page_view,1779978899
5038,383,session_start,1779329029
5039,383,session_start,1779633269
5040,385,page_view,1779269593
5041,385,session_start,1779897150
5042,386,page_view,1779221403
5043,388,session_start,1777920672
5044,388,session_start,1780200205
5045,388,page_view,1778882797
5046,392,session_start,1779629744
5047,392,page_view,1779446971
5048,392,session_start,1778485919
5049,392,session_start,1779459170
5050,392,session_start,1778893125
5051,392,page_view,1777737550
5052,392,session_start,1779684851
5053,392,page_view,1780020078
5054,392,session_start,1777900913
5055,392,page_view,1780067629
5056,392,session_start,1779805140
5057,392,page_view,1779891341
5058,392,session_start,1778254072
5059,392,session_start,1778807227
5060,392,page_view,1778287749
5061,392,page_view,1780163786
5062,393,page_view,1778034463
5063,393,session_start,1777782634
5064,393,page_view,1779090812
5065,393,session_start,1778809227
5066,393,page_view,1777847389
5067,393,page_view,1779353626
5068,393,session_start,1778429835
5069,393,session_start,1778725422
5070,393,page_view,1779459441
5071,393,page_view,1778003146
5072,393,page_view,1778858728
5073,393,page_view,1779895450
5074,393,page_view,1780167188
5075,393,session_start,1779789947
5076,394,session_start,1779317015
5077,394,page_view,1780041857
5078,394,session_start,1778208313
5079,394,page_view,1777965772
5080,394,page_view,1780139708
5081,394,page_view,1777945268
5082,394,session_start,1777595688
5083,394,session_start,1778682141
5084,394,page_view,1779774877
5085,394,page_view,1778969778
5086,394,session_start,1779110339
5087,394,page_view,1779882375
5088,394,page_view,1779443213
5089,394,page_view,1779533332
5090,394,page_view,1780266766
5091,394,page_view,1779236237
5092,394,page_view,1779606828
5093,394,page_view,1778814216
5094,398,session_start,1779428221
5095,398,session_start,1777833952
5096,398,page_view,1779184491
5097,398,session_start,1778276296
5098,398,session_start,1779130237
5099,398,page_view,1779314959
5100,398,session_start,1777612653
5101,398,page_view,1778853018
5102,398,page_view,1778138654
5103,398,session_start,1779214108
5104,398,page_view,1780209493
5105,398,page_view,1779124645
5106,398,page_view,1778279974
5107,398,session_start,1778660050
5108,398,page_view,1779766670
5109,399,session_start,1779267230
5110,399,session_start,1778809144
5111,399,page_view,1780051442
5112,399,page_view,1778502917
5113,399,page_view,1778134656
5114,399,session_start,1778881883
5115,399,page_view,1777657475
5116,399,page_view,1778126422
5117,399,page_view,1778307303
5118,399,page_view,1779493063
5119,399,page_view,1779735048
5120,399,page_view,1780110661
5121,399,session_start,1779188813
5122,399,page_view,1779577865
5123,399,page_view,1777835240
5124,399,session_start,1778796193
5125,399,page_view,1779152003
5126,399,session_start,1779890168
5127,399,page_view,1777844686
5128,399,page_view,1779350603
5129,400,page_view,1778860686
5130,400,page_view,1780248575
5131,400,page_view,1778878708
5132,400,page_view,1779943017
5133,400,page_view,1779201797
5134,400,page_view,1778349165
5135,400,session_start,1778059206
5136,400,session_start,1778916734
5137,400,session_start,1778956362
5138,400,session_start,1779926045
5139,400,session_start,1778493768
5140,400,page_view,1778256328
5141,400,page_view,1779810989
5142,400,session_start,1779862077
5143,400,page_view,1779189782
5144,400,page_view,1779355487
5145,400,session_start,1780105108
5146,400,session_start,1778364129
5147,400,page_view,1779447373
5148,403,session_start,1780247499
5149,403,page_view,1779780019
5150,403,page_view,1779724924
5151,403,page_view,1779554271
5152,403,page_view,1779300061
5153,403,page_view,1779362030
5154,403,session_start,1779429655
5155,403,page_view,1779120934
5156,403,session_start,1780102492
5157,403,session_start,1780113123
5158,403,page_view,1779546054
5159,403,session_start,1780196426
5160,403,page_view,1779657131
5161,403,page_view,1779263338
5162,403,session_start,1779471045
5163,403,session_start,1778969451
5164,403,session_start,1780048265
5165,403,page_view,1778963475
5166,403,session_start,1779102507
5167,404,page_view,1777932255
5168,404,page_view,1778715519
5169,404,page_view,1778202494
5170,404,page_view,1779346696
5171,404,page_view,1779490820
5172,404,page_view,1777629164
5173,404,page_view,1779107441
5174,404,session_start,1779806172
5175,404,session_start,1779875581
5176,404,page_view,1779677618
5177,404,page_view,1779250942
5178,404,page_view,1780014202
5179,404,page_view,1779776264
5180,404,session_start,1779398869
5181,404,page_view,1779220191
5182,404,page_view,1779226406
5183,404,page_view,1779175629
5184,404,page_view,1780099797
5185,404,session_start,1779655649
5186,404,session_start,1779222031
5187,404,page_view,1779922203
5188,404,session_start,1778021806
5189,404,page_view,1779797261
5190,404,session_start,1779938836
5191,405,page_view,1778443083
5192,405,page_view,1778482298
5193,405,session_start,1778823394
5194,405,session_start,1778961216
5195,405,session_start,1779717213
5196,405,session_start,1778428284
5197,405,page_view,1779572044
5198,405,page_view,1778511101
5199,405,session_start,1779690922
5200,405,session_start,1778593972
5201,405,page_view,1780006372
5202,405,page_view,1780097527
5203,405,page_view,1778256044
5204,405,session_start,1778568260
5205,405,session_start,1778366237
5206,405,session_start,1779425732
5207,405,page_view,1777749324
5208,405,session_start,1778009547
5209,406,page_view,1778131793
5210,406,page_view,1778426646
5211,406,session_start,1777856147
5212,406,session_start,1779373926
5213,406,page_view,1779247423
5214,406,page_view,1778478667
5215,406,page_view,1780035042
5216,406,page_view,1779831473
5217,406,page_view,1778240317
5218,406,page_view,1778103512
5219,406,page_view,1779849452
5220,406,session_start,1779508322
5221,406,page_view,1779989286
5222,406,session_start,1779262120
5223,406,session_start,1777856351
5224,410,session_start,1778173412
5225,410,session_start,1779810272
5226,410,session_start,1778677209
5227,410,page_view,1780086928
5228,410,session_start,1779385881
5229,410,page_view,1778831238
5230,410,page_view,1779659252
5231,410,page_view,1780198050
5232,410,session_start,1779932151
5233,410,page_view,1777981743
5234,410,session_start,1779671654
5235,410,page_view,1779940355
5236,410,page_view,1777742811
5237,410,session_start,1779428424
5238,410,session_start,1779897408
5239,410,page_view,1777694121
5240,410,page_view,1778670540
5241,410,page_view,1777767867
5242,410,session_start,1779845617
5243,410,page_view,1778723275
5244,410,session_start,1778484141
5245,411,session_start,1777844357
5246,411,page_view,1779695364
5247,411,page_view,1778729453
5248,411,page_view,1780050594
5249,411,session_start,1778426092
5250,411,page_view,1779679238
5251,411,page_view,1778339482
5252,411,page_view,1779301537
5253,411,page_view,1778163849
5254,411,page_view,1779860498
5255,411,page_view,1778428373
5256,411,session_start,1778818905
5257,411,session_start,1779236599
5258,411,page_view,1778630676
5259,411,session_start,1778144854
5260,411,session_start,1778150434
5261,411,page_view,1779913516
5262,411,page_view,1779996516
5263,411,page_view,1778012516
5264,412,page_view,1778053317
5265,412,session_start,1777653519
5266,412,page_view,1779318668
5267,412,session_start,1778760717
5268,412,session_start,1778715387
5269,412,page_view,1779156298
5270,412,page_view,1779551777
5271,412,session_start,1777932804
5272,412,page_view,1780203677
5273,412,page_view,1778325689
5274,412,session_start,1777816062
5275,412,session_start,1779252380
5276,412,page_view,1779599442
5277,412,session_start,1778962391
5278,412,page_view,1778719988
5279,412,page_view,1778700652
5280,412,page_view,1778681306
5281,412,page_view,1780228823
5282,412,session_start,1779201226
5283,412,page_view,1778063710
5284,412,session_start,1779856997
5285,412,page_view,1779388158
5286,412,page_view,1779420517
5287,412,page_view,1778470188
5288,412,session_start,1777794897
5289,412,session_start,1778379140
5290,412,session_start,1778302934
5291,412,page_view,1778579148
5292,412,session_start,1779088853
5293,412,page_view,1778636460
5294,412,page_view,1780241934
5295,412,session_start,1780204971
5296,412,session_start,1779993337
5297,35,session_start,1781304861
5298,35,session_start,1780764811
5299,35,page_view,1780615614
5300,35,session_start,1781846964
5301,39,page_view,1781072005
5302,39,session_start,1781563227
5303,39,session_start,1780856788
5304,39,page_view,1782550748
5305,39,session_start,1780647607
5306,39,page_view,1780958311
5307,39,page_view,1780964210
5308,39,page_view,1782640831
5309,39,page_view,1780792520
5310,42,session_start,1781323607
5311,42,session_start,1780533427
5312,43,session_start,1781830258
5313,43,session_start,1780494334
5314,45,page_view,1782244390
5315,45,page_view,1780480247
5316,45,page_view,1780274387
5317,45,page_view,1780707960
5318,45,session_start,1781677652
5319,46,session_start,1782366270
5320,46,session_start,1781892506
5321,46,page_view,1782392615
5322,47,session_start,1781822453
5323,47,session_start,1781972177
5324,47,page_view,1782050623
5325,48,page_view,1781347661
5326,49,session_start,1781860612
5327,49,page_view,1781317263
5328,50,page_view,1782280817
5329,50,page_view,1780338557
5330,54,session_start,1782687438
5331,54,page_view,1782690207
5332,54,page_view,1782683446
5333,54,session_start,1781769094
5334,58,session_start,1781422883
5335,58,page_view,1782715088
5336,58,session_start,1781403540
5337,58,page_view,1780594816
5338,62,page_view,1781975271
5339,62,page_view,1781804136
5340,62,session_start,1782451811
5341,63,page_view,1782651847
5342,63,session_start,1782537885
5343,66,session_start,1782353572
5344,66,session_start,1782823550
5345,67,page_view,1782015157
5346,67,session_start,1782016093
5347,67,session_start,1780911885
5348,69,page_view,1781248644
5349,69,session_start,1780478886
5350,77,page_view,1781239858
5351,77,session_start,1782080645
5352,77,page_view,1781692329
5353,77,session_start,1780882703
5354,77,session_start,1782125738
5355,77,page_view,1780429720
5356,77,page_view,1781682382
5357,77,session_start,1781859358
5358,78,session_start,1782194415
5359,78,page_view,1782210075
5360,78,session_start,1781884431
5361,78,page_view,1782489802
5362,78,page_view,1781468651
5363,78,page_view,1782773014
5364,78,session_start,1780542881
5365,79,session_start,1782398739
5366,79,page_view,1780476945
5367,79,session_start,1782818415
5368,80,session_start,1782548333
5369,80,page_view,1780278752
5370,80,page_view,1781239777
5371,80,page_view,1782293094
5372,80,page_view,1782702527
5373,80,page_view,1780638406
5374,86,page_view,1782165358
5375,86,session_start,1781787747
5376,86,session_start,1782198931
5377,86,page_view,1782680418
5378,86,session_start,1781572095
5379,86,page_view,1781151116
5380,86,page_view,1782091267
5381,88,page_view,1781714923
5382,88,page_view,1781468907
5383,90,page_view,1781229858
5384,90,session_start,1781339332
5385,90,session_start,1781932654
5386,90,page_view,1782713054
5387,93,session_start,1781826944
5388,93,session_start,1781690273
5389,93,page_view,1780803135
5390,93,page_view,1781118400
5391,93,page_view,1782648255
5392,93,session_start,1780535499
5393,94,page_view,1781771963
5394,94,page_view,1780322375
5395,94,page_view,1780402047
5396,94,session_start,1781828387
5397,96,session_start,1782719389
5398,98,page_view,1781019435
5399,98,session_start,1781832342
5400,98,page_view,1780858657
5401,109,page_view,1780635685
5402,109,page_view,1780712254
5403,109,page_view,1781869665
5404,109,session_start,1781397699
5405,112,page_view,1782700446
5406,112,session_start,1782745559
5407,112,page_view,1782780934
5408,116,page_view,1782503959
5409,116,session_start,1782218498
5410,116,page_view,1782533890
5411,116,page_view,1782506933
5412,117,session_start,1782560077
5413,117,page_view,1782766998
5414,117,page_view,1782372437
5415,117,page_view,1782565158
5416,119,page_view,1782155456
5417,119,session_start,1780562805
5418,119,session_start,1781258784
5419,121,session_start,1780314349
5420,121,page_view,1782802866
5421,121,page_view,1782068697
5422,121,session_start,1780886433
5423,121,page_view,1781475177
5424,121,page_view,1782025449
5425,122,session_start,1782482597
5426,122,session_start,1782018818
5427,122,session_start,1781458310
5428,122,session_start,1782262440
5429,123,session_start,1780382757
5430,123,session_start,1782143741
5431,123,session_start,1782083061
5432,124,page_view,1781792234
5433,124,session_start,1780449172
5434,124,page_view,1782120465
5435,124,session_start,1781264704
5436,124,page_view,1780808745
5437,125,session_start,1782572539
5438,126,session_start,1781869928
5439,126,page_view,1780881074
5440,130,page_view,1781226879
5441,130,session_start,1782344222
5442,130,page_view,1781870939
5443,130,page_view,1780563374
5444,131,session_start,1782153682
5445,131,session_start,1780366538
5446,131,session_start,1781568363
5447,131,page_view,1782490377
5448,131,page_view,1782565402
5449,132,page_view,1781902157
5450,132,page_view,1782586815
5451,132,session_start,1782311433
5452,132,page_view,1782135491
5453,134,session_start,1782234378
5454,134,session_start,1780717451
5455,134,page_view,1781481316
5456,134,page_view,1780831176
5457,134,session_start,1781196656
5458,141,page_view,1780851063
5459,142,page_view,1781935643
5460,142,page_view,1780519879
5461,142,session_start,1780630162
5462,142,page_view,1781683460
5463,146,session_start,1782194878
5464,146,page_view,1781507871
5465,147,page_view,1781555720
5466,147,page_view,1780273714
5467,147,session_start,1781755770
5468,148,page_view,1781956170
5469,148,page_view,1781674510
5470,148,session_start,1781775876
5471,148,page_view,1781006897
5472,149,page_view,1781025555
5473,149,page_view,1781265219
5474,149,page_view,1781503060
5475,149,session_start,1781336150
5476,151,page_view,1780553421
5477,151,page_view,1780387062
5478,151,session_start,1782080180
5479,151,session_start,1780651110
5480,153,page_view,1780676744
5481,153,page_view,1780365323
5482,153,page_view,1781816567
5483,153,page_view,1780331848
5484,154,page_view,1782726269
5485,154,session_start,1782837894
5486,154,session_start,1782808774
5487,154,page_view,1782691952
5488,155,page_view,1781832716
5489,159,page_view,1780675007
5490,159,session_start,1781920959
5491,159,page_view,1781106527
5492,159,session_start,1781935588
5493,159,page_view,1781734995
5494,161,session_start,1782621236
5495,161,session_start,1782054626
5496,161,page_view,1781763574
5497,163,session_start,1781976445
5498,163,page_view,1782011687
5499,163,page_view,1780504350
5500,164,page_view,1781458351
5501,166,page_view,1781777023
5502,167,session_start,1782595453
5503,167,session_start,1782310301
5504,167,session_start,1780968030
5505,167,page_view,1780348521
5506,167,page_view,1782068397
5507,167,page_view,1780872977
5508,173,page_view,1782838748
5509,173,page_view,1780830285
5510,173,page_view,1781403508
5511,173,session_start,1782498210
5512,173,session_start,1780541265
5513,173,session_start,1780964549
5514,176,session_start,1781588796
5515,176,page_view,1781670669
5516,176,session_start,1781771035
5517,177,page_view,1780706230
5518,177,page_view,1781321981
5519,178,session_start,1780553701
5520,178,session_start,1781187077
5521,178,page_view,1782495960
5522,178,page_view,1780398922
5523,178,session_start,1780300261
5524,178,session_start,1781528226
5525,178,page_view,1780929587
5526,180,session_start,1782451506
5527,180,page_view,1782776063
5528,180,session_start,1780548253
5529,180,page_view,1780913798
5530,180,page_view,1781741149
5531,184,session_start,1780643485
5532,184,page_view,1782084617
5533,184,page_view,1780306925
5534,184,page_view,1782608526
5535,185,session_start,1781514645
5536,185,page_view,1781281609
5537,185,page_view,1782753298
5538,186,page_view,1782484195
5539,186,session_start,1781105999
5540,186,session_start,1782439531
5541,186,page_view,1782348951
5542,186,session_start,1782127724
5543,188,session_start,1781429172
5544,188,page_view,1780411463
5545,188,session_start,1781216881
5546,188,page_view,1780445934
5547,189,session_start,1782321651
5548,192,session_start,1780890772
5549,192,session_start,1780759685
5550,192,page_view,1782575095
5551,192,page_view,1782529560
5552,194,session_start,1780887678
5553,194,session_start,1781946037
5554,194,session_start,1781575041
5555,196,session_start,1782314200
5556,196,session_start,1782064763
5557,196,session_start,1782787971
5558,196,page_view,1782377924
5559,196,page_view,1781601250
5560,196,page_view,1782676852
5561,197,page_view,1781163861
5562,197,session_start,1782515768
5563,197,page_view,1782182314
5564,197,page_view,1781088216
5565,197,session_start,1781184145
5566,197,session_start,1781498591
5567,204,session_start,1781180442
5568,205,page_view,1781390708
5569,209,page_view,1782450575
5570,209,page_view,1782148504
5571,209,session_start,1782814550
5572,209,page_view,1780515383
5573,209,session_start,1781987071
5574,209,session_start,1782138448
5575,211,page_view,1781009434
5576,211,session_start,1780489897
5577,211,session_start,1782852386
5578,215,session_start,1782660632
5579,215,session_start,1781230612
5580,215,page_view,1782751192
5581,216,session_start,1780896131
5582,216,page_view,1782632072
5583,216,page_view,1781148900
5584,216,page_view,1781349658
5585,216,page_view,1781095006
5586,218,page_view,1781636086
5587,219,session_start,1780623709
5588,219,page_view,1782201248
5589,219,page_view,1782441811
5590,224,page_view,1782453516
5591,224,session_start,1781473561
5592,224,session_start,1781731649
5593,224,page_view,1781161776
5594,230,session_start,1780756902
5595,230,page_view,1782273631
5596,230,session_start,1781671775
5597,230,session_start,1780286277
5598,230,session_start,1780904515
5599,230,page_view,1780896335
5600,231,session_start,1781941459
5601,231,page_view,1782415272
5602,231,session_start,1782243998
5603,231,page_view,1782032630
5604,232,session_start,1781075568
5605,233,session_start,1780560903
5606,235,page_view,1781469731
5607,235,session_start,1781085603
5608,236,page_view,1781608095
5609,237,session_start,1782489761
5610,237,session_start,1782812257
5611,238,session_start,1782827926
5612,238,session_start,1782845649
5613,238,page_view,1782842168
5614,238,page_view,1782858672
5615,238,session_start,1782835152
5616,245,session_start,1782061805
5617,246,page_view,1782376442
5618,246,session_start,1782431893
5619,246,page_view,1781597009
5620,248,page_view,1780582900
5621,249,page_view,1780850867
5622,249,session_start,1780858555
5623,249,page_view,1781698070
5624,252,page_view,1782386246
5625,252,session_start,1781400747
5626,252,page_view,1781996628
5627,252,page_view,1781336341
5628,252,page_view,1780396523
5629,253,page_view,1781231399
5630,253,session_start,1780295415
5631,253,session_start,1780382620
5632,253,page_view,1781969790
5633,253,session_start,1781187692
5634,253,page_view,1780842195
5635,255,page_view,1780732271
5636,255,page_view,1781288399
5637,255,page_view,1780690680
5638,255,page_view,1781910873
5639,255,page_view,1781380891
5640,257,session_start,1782422043
5641,257,page_view,1781845572
5642,260,session_start,1781873478
5643,260,page_view,1780801252
5644,260,session_start,1780654307
5645,260,page_view,1780915273
5646,260,page_view,1782640496
5647,260,page_view,1780789171
5648,261,session_start,1780747567
5649,261,page_view,1782198098
5650,261,session_start,1780823274
5651,261,page_view,1782561863
5652,261,page_view,1782400946
5653,261,page_view,1780452747
5654,262,session_start,1780438977
5655,262,page_view,1780602812
5656,262,session_start,1781335879
5657,263,page_view,1780298523
5658,263,session_start,1780672654
5659,263,page_view,1782189870
5660,263,page_view,1782171730
5661,263,page_view,1782754430
5662,264,page_view,1782120254
5663,265,session_start,1780879893
5664,265,page_view,1782053935
5665,265,session_start,1780753496
5666,269,page_view,1781620481
5667,269,session_start,1781905212
5668,269,session_start,1781681953
5669,269,page_view,1780605022
5670,269,page_view,1781935999
5671,269,page_view,1782143219
5672,269,session_start,1780700288
5673,272,session_start,1782272077
5674,272,session_start,1780422461
5675,272,session_start,1780711510
5676,272,page_view,1780780018
5677,272,page_view,1780599525
5678,273,page_view,1780402257
5679,275,session_start,1781380831
5680,275,session_start,1781787583
5681,275,page_view,1781193314
5682,275,page_view,1781821721
5683,276,session_start,1782162168
5684,276,page_view,1782720409
5685,276,session_start,1782365573
5686,276,page_view,1782276426
5687,276,session_start,1781682791
5688,277,session_start,1780290841
5689,277,page_view,1780357267
5690,278,page_view,1781944998
5691,278,page_view,1780955271
5692,278,session_start,1781023871
5693,285,session_start,1782339438
5694,285,page_view,1782815708
5695,285,session_start,1782858479
5696,287,session_start,1782538966
5697,287,session_start,1781266374
5698,288,page_view,1782726196
5699,288,session_start,1781792714
5700,290,session_start,1780813563
5701,290,page_view,1780340559
5702,290,page_view,1781350218
5703,292,page_view,1780795718
5704,292,page_view,1780612316
5705,292,session_start,1781295497
5706,293,session_start,1782779694
5707,293,session_start,1780481449
5708,293,page_view,1782237353
5709,293,page_view,1782129000
5710,293,page_view,1781290927
5711,293,session_start,1782307176
5712,295,page_view,1782777285
5713,295,page_view,1781882621
5714,295,page_view,1781623551
5715,295,page_view,1781672941
5716,298,page_view,1781268103
5717,298,page_view,1782615269
5718,298,session_start,1781270147
5719,298,page_view,1781468810
5720,298,session_start,1782719579
5721,299,session_start,1781887326
5722,300,session_start,1781121744
5723,300,page_view,1781194359
5724,300,page_view,1782276257
5725,300,page_view,1782585807
5726,300,session_start,1782549396
5727,300,session_start,1780274925
5728,300,session_start,1780765155
5729,301,session_start,1781415623
5730,301,page_view,1782444462
5731,301,page_view,1781674486
5732,301,page_view,1780647366
5733,301,session_start,1782083024
5734,301,page_view,1782273407
5735,301,page_view,1780520355
5736,302,page_view,1780280267
5737,302,page_view,1780573355
5738,302,page_view,1781979965
5739,302,session_start,1782431607
5740,302,session_start,1781629994
5741,302,session_start,1780704207
5742,303,session_start,1782794950
5743,303,page_view,1780710839
5744,303,session_start,1780811124
5745,303,page_view,1781264164
5746,305,page_view,1782155343
5747,305,page_view,1781865605
5748,307,session_start,1780974525
5749,307,page_view,1781261412
5750,307,session_start,1782805038
5751,307,session_start,1781995500
5752,307,session_start,1780702407
5753,308,session_start,1781481741
5754,308,session_start,1782094230
5755,308,page_view,1780478841
5756,309,session_start,1781567462
5757,309,session_start,1780423246
5758,310,session_start,1782636031
5759,310,session_start,1782463810
5760,310,page_view,1781912298
5761,311,page_view,1781056221
5762,311,page_view,1780863817
5763,313,page_view,1781789124
5764,313,session_start,1781932110
5765,314,page_view,1781733819
5766,314,page_view,1782383856
5767,315,page_view,1781199540
5768,317,page_view,1782390690
5769,319,page_view,1781663755
5770,319,session_start,1781662786
5771,325,session_start,1781526604
5772,325,page_view,1782474870
5773,325,session_start,1781402407
5774,327,session_start,1781960402
5775,329,page_view,1781205054
5776,329,page_view,1781080777
5777,329,session_start,1782630924
5778,329,page_view,1781242003
5779,329,session_start,1782784424
5780,330,page_view,1782406205
5781,330,page_view,1782357178
5782,330,session_start,1780280139
5783,330,page_view,1780738556
5784,330,page_view,1780959298
5785,330,page_view,1781452364
5786,330,session_start,1781132942
5787,331,session_start,1782573218
5788,331,page_view,1781783333
5789,331,session_start,1781419428
5790,334,page_view,1781285975
5791,334,page_view,1780760736
5792,334,page_view,1781785226
5793,334,page_view,1782457842
5794,334,session_start,1781884076
5795,334,page_view,1782824960
5796,336,session_start,1780272116
5797,336,session_start,1782339830
5798,336,page_view,1781394912
5799,336,page_view,1782155991
5800,336,page_view,1781237265
5801,336,session_start,1782117423
5802,336,page_view,1782469692
5803,337,session_start,1781825398
5804,337,page_view,1782497145
5805,337,session_start,1780357743
5806,338,session_start,1781152571
5807,338,page_view,1781676887
5808,338,page_view,1781422800
5809,338,page_view,1782338917
5810,340,page_view,1780546915
5811,341,page_view,1782825460
5812,341,session_start,1781763317
5813,342,session_start,1780701363
5814,345,page_view,1780482942
5815,345,page_view,1782677118
5816,345,session_start,1781523763
5817,348,page_view,1782249446
5818,349,page_view,1781175234
5819,349,page_view,1782587728
5820,349,session_start,1782147814
5821,352,page_view,1780434512
5822,352,session_start,1781149705
5823,352,session_start,1780813029
5824,352,page_view,1780425441
5825,352,page_view,1781456019
5826,354,session_start,1781275704
5827,354,page_view,1782115261
5828,354,page_view,1782780481
5829,354,page_view,1781648593
5830,354,session_start,1781242213
5831,355,page_view,1780491253
5832,355,session_start,1780381394
5833,355,page_view,1780353777
5834,355,session_start,1781720986
5835,355,session_start,1782276283
5836,355,session_start,1780621823
5837,356,session_start,1781276773
5838,356,session_start,1780736623
5839,356,page_view,1782238187
5840,358,session_start,1781427430
5841,358,page_view,1782266845
5842,358,session_start,1781581111
5843,358,page_view,1781280761
5844,358,page_view,1781819630
5845,358,session_start,1780280180
5846,359,page_view,1782569032
5847,359,page_view,1782091459
5848,359,session_start,1781087715
5849,359,page_view,1781517459
5850,359,page_view,1781997465
5851,360,session_start,1782745924
5852,363,page_view,1782826229
5853,363,page_view,1782664309
5854,363,page_view,1782685185
5855,367,page_view,1782287550
5856,367,page_view,1782841328
5857,372,session_start,1782073705
5858,372,page_view,1782596710
5859,375,session_start,1780519565
5860,375,session_start,1782733282
5861,375,page_view,1780968156
5862,376,page_view,1782124781
5863,376,page_view,1780360134
5864,378,page_view,1781330282
5865,380,page_view,1781747992
5866,380,page_view,1782689019
5867,381,session_start,1781572503
5868,381,page_view,1782193632
5869,381,session_start,1780604687
5870,381,page_view,1780471067
5871,381,session_start,1781389667
5872,381,page_view,1781396147
5873,382,page_view,1781634654
5874,384,page_view,1780288379
5875,384,page_view,1780737206
5876,385,session_start,1782153655
5877,385,session_start,1782689909
5878,387,session_start,1782149565
5879,387,page_view,1782264371
5880,391,page_view,1781180678
5881,391,page_view,1780958891
5882,391,session_start,1782662053
5883,391,session_start,1782233350
5884,391,page_view,1782459254
5885,391,session_start,1782660595
5886,391,session_start,1781833762
5887,391,page_view,1782659119
5888,391,session_start,1782630823
5889,391,session_start,1782059559
5890,391,page_view,1782230341
5891,391,page_view,1782602218
5892,391,session_start,1781537563
5893,391,session_start,1781307159
5894,391,session_start,1780986561
5895,391,session_start,1781982458
5896,391,page_view,1781969140
5897,391,session_start,1782649668
5898,391,session_start,1781081011
5899,391,page_view,1781418441
5900,391,page_view,1780997524
5901,392,session_start,1782312730
5902,392,session_start,1782275288
5903,392,page_view,1781558880
5904,392,page_view,1781939743
5905,392,session_start,1781009096
5906,392,session_start,1780479998
5907,392,page_view,1781595641
5908,392,page_view,1782079467
5909,392,page_view,1782847181
5910,392,page_view,1781962414
5911,392,session_start,1781839605
5912,392,page_view,1781878707
5913,392,session_start,1781725646
5914,392,session_start,1780736643
5915,392,session_start,1781313397
5916,392,page_view,1781840925
5917,392,session_start,1781374253
5918,392,page_view,1781685838
5919,392,session_start,1780988671
5920,392,session_start,1780803487
5921,392,page_view,1780469714
5922,392,page_view,1782763896
5923,392,session_start,1781374555
5924,392,page_view,1780417983
5925,392,page_view,1781222829
5926,392,session_start,1782508432
5927,392,page_view,1781071528
5928,392,page_view,1780736973
5929,392,page_view,1780757701
5930,392,page_view,1781695780
5931,392,page_view,1781734176
5932,393,session_start,1782470692
5933,393,session_start,1781117964
5934,393,page_view,1781227390
5935,393,session_start,1782667335
5936,393,page_view,1780645766
5937,393,session_start,1780471071
5938,393,page_view,1782159489
5939,393,session_start,1782557733
5940,393,session_start,1780382644
5941,393,session_start,1782166067
5942,393,page_view,1782521461
5943,393,session_start,1780618634
5944,393,page_view,1782451808
5945,393,session_start,1781642555
5946,393,session_start,1781382448
5947,393,session_start,1780279646
5948,393,session_start,1781062583
5949,393,page_view,1781290624
5950,393,session_start,1780299335
5951,393,page_view,1780286143
5952,393,page_view,1780491049
5953,393,page_view,1780574547
5954,393,page_view,1781089928
5955,393,page_view,1781011717
5956,393,session_start,1780543546
5957,394,session_start,1781708789
5958,394,session_start,1781538071
5959,394,session_start,1781808049
5960,394,page_view,1781199531
5961,394,session_start,1781442821
5962,394,page_view,1780578208
5963,394,page_view,1780629766
5964,394,page_view,1781949053
5965,394,page_view,1781994326
5966,394,session_start,1781837832
5967,394,session_start,1781869515
5968,394,page_view,1781558137
5969,394,page_view,1780569863
5970,394,page_view,1781241214
5971,394,page_view,1780458688
5972,394,page_view,1781232009
5973,394,page_view,1781386069
5974,394,page_view,1782531713
5975,394,page_view,1781214963
5976,394,page_view,1781195098
5977,394,page_view,1781139849
5978,394,session_start,1781281688
5979,394,page_view,1782806433
5980,394,session_start,1781248295
5981,394,session_start,1782606895
5982,394,session_start,1781472875
5983,395,session_start,1781564476
5984,395,page_view,1782596053
5985,395,page_view,1782335100
5986,395,session_start,1782060351
5987,395,session_start,1781299887
5988,395,page_view,1781482080
5989,395,page_view,1781300034
5990,395,session_start,1782537761
5991,395,session_start,1782048936
5992,395,page_view,1782674239
5993,395,session_start,1782062935
5994,395,page_view,1782847801
5995,395,page_view,1781461906
5996,395,page_view,1781646566
5997,395,page_view,1782556274
5998,395,page_view,1781910403
5999,395,page_view,1781168352
6000,395,session_start,1781923621
6001,395,page_view,1781589469
6002,395,page_view,1782314847
6003,395,session_start,1782475155
6004,396,session_start,1780547212
6005,396,session_start,1781571921
6006,396,session_start,1781762598
6007,396,session_start,1781696042
6008,396,page_view,1782424700
6009,396,page_view,1781991153
6010,396,page_view,1780895198
6011,396,page_view,1780735950
6012,396,page_view,1782255869
6013,396,session_start,1780998485
6014,396,session_start,1782220790
6015,396,session_start,1782213047
6016,396,session_start,1781671383
6017,396,page_view,1780959947
6018,396,session_start,1781881123
6019,396,session_start,1780867703
6020,396,session_start,1781868456
6021,396,page_view,1782742950
6022,396,page_view,1782746323
6023,396,page_view,1781159604
6024,396,page_view,1781713928
6025,397,session_start,1782380932
6026,397,session_start,1782198329
6027,397,page_view,1782818475
6028,397,page_view,1782161915
6029,397,session_start,1782085916
6030,397,page_view,1782507847
6031,397,page_view,1782221637
6032,397,session_start,1782714864
6033,397,session_start,1782204217
6034,397,session_start,1782075078
6035,397,page_view,1782471333
6036,397,session_start,1782217734
6037,397,page_view,1782671686
6038,397,page_view,1782114637
6039,397,page_view,1782855403
6040,397,page_view,1782635106
6041,397,session_start,1782342725
6042,397,session_start,1782351448
6043,397,page_view,1782254260
6044,397,session_start,1782054929
6045,397,session_start,1782326317
6046,397,page_view,1782819677
6047,397,page_view,1782063633
6048,397,session_start,1782113456
6049,397,session_start,1782079739
6050,397,page_view,1782269683
6051,397,session_start,1782182744
6052,398,session_start,1781137533
6053,398,session_start,1782119730
6054,398,session_start,1780839061
6055,398,session_start,1782528188
6056,398,page_view,1780658696
6057,398,session_start,1782678006
6058,398,session_start,1782102424
6059,398,session_start,1780564482
6060,398,session_start,1781465116
6061,398,page_view,1780848785
6062,398,session_start,1781437349
6063,398,session_start,1780611144
6064,398,session_start,1782785094
6065,398,session_start,1782601624
6066,398,session_start,1780922422
6067,398,session_start,1782558648
6068,398,page_view,1781877633
6069,398,session_start,1780973675
6070,398,page_view,1781153961
6071,398,page_view,1782632740
6072,399,page_view,1782244387
6073,399,page_view,1780579224
6074,399,session_start,1782556817
6075,399,page_view,1781673051
6076,399,session_start,1780899356
6077,399,session_start,1781168878
6078,399,session_start,1780311855
6079,399,page_view,1780289029
6080,399,session_start,1782591051
6081,399,page_view,1781493211
6082,399,page_view,1780574658
6083,399,page_view,1782768658
6084,399,page_view,1780339939
6085,399,page_view,1782821864
6086,399,session_start,1780894455
6087,399,page_view,1780364449
6088,399,session_start,1782683526
6089,399,page_view,1782617990
6090,399,page_view,1780562404
6091,399,session_start,1781990739
6092,399,session_start,1780479528
6093,399,session_start,1781675585
6094,399,page_view,1780605462
6095,399,page_view,1781517719
6096,399,session_start,1781661403
6097,399,session_start,1780408461
6098,399,session_start,1782308997
6099,400,session_start,1782352596
6100,400,session_start,1781350082
6101,400,session_start,1780647519
6102,400,session_start,1782536162
6103,400,page_view,1781329458
6104,400,session_start,1782098683
6105,400,session_start,1780900001
6106,400,page_view,1781174082
6107,400,page_view,1782126245
6108,400,session_start,1781225549
6109,400,session_start,1781812110
6110,400,session_start,1781705550
6111,400,page_view,1780353132
6112,400,page_view,1781249381
6113,400,session_start,1781228891
6114,400,session_start,1780464893
6115,400,session_start,1782570335
6116,400,session_start,1782718247
6117,400,page_view,1782609605
6118,400,session_start,1780870844
6119,400,page_view,1782440767
6120,400,session_start,1780667802
6121,400,session_start,1780609327
6122,400,session_start,1781391619
6123,400,session_start,1781275539
6124,400,session_start,1780539012
6125,400,session_start,1780639801
6126,401,page_view,1781073027
6127,401,page_view,1781334973
6128,401,page_view,1782287049
6129,401,page_view,1782515462
6130,401,page_view,1781876414
6131,401,page_view,1781203675
6132,401,session_start,1780802266
6133,401,session_start,1782092646
6134,401,page_view,1780847773
6135,401,page_view,1781939521
6136,403,session_start,1780884625
6137,403,page_view,1781061697
6138,403,session_start,1781827777
6139,403,session_start,1780311906
6140,403,page_view,1780561689
6141,403,page_view,1781796216
6142,403,page_view,1781527282
6143,403,session_start,1781004232
6144,403,page_view,1782065787
6145,403,session_start,1782177958
6146,403,session_start,1780282737
6147,403,session_start,1782472414
6148,403,page_view,1782665819
6149,403,session_start,1781197275
6150,403,session_start,1781094954
6151,404,page_view,1782161149
6152,404,page_view,1780376439
6153,404,page_view,1780907259
6154,404,page_view,1782749392
6155,404,page_view,1780450038
6156,404,page_view,1782598151
6157,404,session_start,1781212140
6158,404,session_start,1782128495
6159,404,page_view,1781501772
6160,404,session_start,1781420931
6161,404,session_start,1781769349
6162,404,page_view,1782265973
6163,404,session_start,1781720988
6164,404,session_start,1780312598
6165,404,page_view,1781382912
6166,404,session_start,1782374895
6167,404,page_view,1782012375
6168,404,session_start,1780727261
6169,404,session_start,1781184571
6170,404,session_start,1780283608
6171,404,session_start,1780502629
6172,404,page_view,1781173871
6173,404,page_view,1781303302
6174,404,session_start,1781901615
6175,404,session_start,1782377055
6176,404,session_start,1782393099
6177,404,session_start,1780702392
6178,405,page_view,1781882576
6179,405,page_view,1781432633
6180,405,session_start,1781212462
6181,405,page_view,1781609706
6182,405,page_view,1782139617
6183,405,page_view,1781715566
6184,405,session_start,1782679054
6185,405,page_view,1780959230
6186,405,page_view,1782400605
6187,405,session_start,1782445085
6188,405,session_start,1781549995
6189,406,page_view,1780573972
6190,406,session_start,1782303271
6191,406,session_start,1781650747
6192,406,page_view,1782199587
6193,406,session_start,1782778433
6194,406,page_view,1782013115
6195,406,page_view,1780926581
6196,406,page_view,1781390230
6197,406,page_view,1782285363
6198,406,page_view,1781017861
6199,406,page_view,1781311635
6200,406,session_start,1781158552
6201,406,session_start,1782000813
6202,406,session_start,1781110927
6203,406,page_view,1780803922
6204,406,session_start,1780822411
6205,406,page_view,1782494658
6206,406,page_view,1781819239
6207,406,page_view,1782450451
6208,410,page_view,1782058739
6209,410,session_start,1782534021
6210,410,session_start,1780585886
6211,410,session_start,1781736482
6212,410,session_start,1781739182
6213,410,page_view,1781345359
6214,410,session_start,1782137453
6215,410,session_start,1782445375
6216,410,page_view,1780537896
6217,410,page_view,1781824916
6218,410,session_start,1781076070
6219,410,page_view,1781209742
6220,410,session_start,1780333259
6221,410,page_view,1781670773
6222,410,page_view,1780561937
6223,410,session_start,1782077651
6224,410,page_view,1782806650
6225,410,session_start,1781253385
6226,410,page_view,1780651145
6227,410,session_start,1780838929
6228,410,page_view,1781130629
6229,410,page_view,1781041801
6230,410,session_start,1780451419
6231,410,session_start,1781356026
6232,410,page_view,1781818175
6233,410,session_start,1781274112
6234,411,session_start,1782487104
6235,411,page_view,1780959513
6236,411,session_start,1780440560
6237,411,page_view,1780598733
6238,411,page_view,1782262444
6239,411,page_view,1780988088
6240,411,session_start,1781099548
6241,411,page_view,1781141040
6242,411,page_view,1782560267
6243,411,session_start,1780670760
6244,411,session_start,1782489220
6245,411,page_view,1781380546
6246,411,page_view,1780415758
6247,411,session_start,1781808093
6248,411,session_start,1780532461
6249,411,page_view,1782811797
6250,411,session_start,1780692372
6251,411,page_view,1781601083
6252,411,page_view,1782431621
6253,411,session_start,1781636045
6254,411,session_start,1780814422
6255,411,page_view,1782358767
6256,411,page_view,1782738626
6257,411,session_start,1781152108
6258,411,page_view,1782802386
6259,411,session_start,1782129260
6260,411,page_view,1780552010
6261,411,page_view,1782749951
6262,411,session_start,1781341893
6263,411,page_view,1781486114
6264,411,session_start,1780313667
6265,412,page_view,1782502491
6266,412,page_view,1780335318
6267,412,session_start,1780299637
6268,412,session_start,1781133017
6269,412,page_view,1780816269
6270,412,session_start,1782329792
6271,412,page_view,1782143181
6272,412,page_view,1782424622
6273,412,page_view,1782792223
6274,412,page_view,1781286979
6275,412,session_start,1782431559
6276,412,page_view,1780278904
6277,412,page_view,1780893243
6278,412,page_view,1780872333
6279,412,page_view,1780399601
6280,412,page_view,1781007678
6281,2,session_start,1783278464
6282,2,page_view,1784010751
6283,2,page_view,1783661299
6284,2,page_view,1784646955
6285,6,session_start,1784634739
6286,6,page_view,1784702392
6287,7,page_view,1783211427
6288,7,session_start,1783258466
6289,7,session_start,1783167674
6290,7,session_start,1783077660
6291,10,session_start,1784587426
6292,10,session_start,1785135738
6293,10,page_view,1784866275
6294,10,session_start,1785451474
6295,12,page_view,1784935366
6296,12,page_view,1784394278
6297,12,page_view,1785503644
6298,12,page_view,1783087369
6299,12,page_view,1783063885
6300,16,page_view,1785200397
6301,16,page_view,1785130029
6302,16,session_start,1783134096
6303,16,page_view,1784557118
6304,16,page_view,1784039398
6305,17,session_start,1783697927
6306,17,session_start,1783115079
6307,17,session_start,1784860911
6308,17,session_start,1783004454
6309,17,page_view,1785025358
6310,17,page_view,1784916430
6311,19,session_start,1784382050
6312,19,page_view,1783397521
6313,19,page_view,1783853311
6314,19,session_start,1783354248
6315,19,page_view,1785370802
6316,19,page_view,1785219423
6317,22,page_view,1785038083
6318,22,page_view,1784314570
6319,22,session_start,1784291082
6320,23,page_view,1784290177
6321,23,page_view,1782932453
6322,23,session_start,1783186503
6323,23,session_start,1784511803
6324,23,session_start,1782969709
6325,23,session_start,1785010444
6326,24,session_start,1785351600
6327,24,session_start,1782949961
6328,24,page_view,1785092894
6329,26,page_view,1784210184
6330,26,page_view,1783655917
6331,26,page_view,1785434141
6332,30,session_start,1783445578
6333,30,page_view,1783494444
6334,30,page_view,1785236403
6335,30,page_view,1783856773
6336,32,page_view,1785271219
6337,32,session_start,1785050208
6338,33,session_start,1783972427
6339,36,session_start,1782994438
6340,37,page_view,1784972848
6341,37,session_start,1783820654
6342,37,session_start,1783338318
6343,37,page_view,1785404358
6344,37,session_start,1783341242
6345,37,session_start,1783147641
6346,38,page_view,1785176400
6347,38,page_view,1785126167
6348,38,session_start,1785080096
6349,40,page_view,1784858297
6350,40,page_view,1784185102
6351,40,session_start,1785305907
6352,45,page_view,1785396682
6353,45,session_start,1785141865
6354,45,page_view,1783508010
6355,45,session_start,1782967844
6356,45,session_start,1783710843
6357,46,page_view,1783751048
6358,46,page_view,1785452975
6359,46,page_view,1783489898
6360,48,page_view,1783138595
6361,48,page_view,1784515393
6362,48,page_view,1783268204
6363,48,session_start,1784437610
6364,50,page_view,1783283077
6365,50,page_view,1785389954
6366,54,session_start,1784740701
6367,54,page_view,1783767126
6368,54,session_start,1784591718
6369,54,page_view,1784531332
6370,54,page_view,1785537667
6371,54,session_start,1783646992
6372,54,session_start,1783839991
6373,55,session_start,1783704609
6374,55,page_view,1783285511
6375,55,page_view,1782968448
6376,55,page_view,1783994310
6377,58,page_view,1785107669
6378,58,page_view,1784345088
6379,59,page_view,1782985234
6380,59,session_start,1784434493
6381,59,page_view,1783195524
6382,59,session_start,1783063070
6383,61,page_view,1784981848
6384,61,session_start,1784161441
6385,61,page_view,1785100938
6386,63,session_start,1784974364
6387,63,session_start,1784916188
6388,63,session_start,1783874923
6389,68,page_view,1785525446
6390,68,session_start,1785396083
6391,68,page_view,1785430661
6392,71,session_start,1784759596
6393,71,page_view,1783543850
6394,71,session_start,1784444486
6395,71,page_view,1783003757
6396,71,page_view,1783072729
6397,72,page_view,1785474653
6398,72,page_view,1785507058
6399,72,page_view,1785473497
6400,75,page_view,1784994675
6401,75,page_view,1784901809
6402,75,page_view,1785532138
6403,75,session_start,1784958329
6404,75,session_start,1784922649
6405,75,session_start,1785285044
6406,77,session_start,1783809152
6407,77,session_start,1783064078
6408,77,page_view,1785161044
6409,77,session_start,1783463290
6410,77,session_start,1783352704
6411,77,session_start,1785367697
6412,78,page_view,1784000922
6413,78,session_start,1785212653
6414,78,session_start,1785152712
6415,78,page_view,1783652122
6416,78,page_view,1783923412
6417,78,session_start,1785160955
6418,79,page_view,1783707637
6419,79,session_start,1784608281
6420,80,page_view,1784755606
6421,80,page_view,1784148937
6422,80,page_view,1783590286
6423,80,page_view,1782907603
6424,80,page_view,1784790700
6425,85,session_start,1783730207
6426,85,session_start,1783822806
6427,85,page_view,1784332110
6428,85,page_view,1785079451
6429,85,session_start,1783597927
6430,85,session_start,1785476623
6431,89,session_start,1783960857
6432,89,page_view,1782937886
6433,89,session_start,1784149239
6434,89,session_start,1784094899
6435,90,page_view,1785299472
6436,90,page_view,1785278417
6437,90,page_view,1784583583
6438,90,page_view,1782969060
6439,91,page_view,1783603135
6440,91,page_view,1784506981
6441,91,page_view,1784277653
6442,91,page_view,1783151190
6443,96,page_view,1783227512
6444,96,page_view,1783353774
6445,97,page_view,1784788812
6446,97,session_start,1785497059
6447,102,session_start,1783503893
6448,105,page_view,1783465291
6449,105,page_view,1785537353
6450,105,page_view,1783994471
6451,105,page_view,1785094476
6452,105,session_start,1783218559
6453,106,page_view,1784016994
6454,106,page_view,1785215402
6455,109,session_start,1785183025
6456,109,page_view,1784564667
6457,109,session_start,1785474413
6458,109,page_view,1783753065
6459,112,page_view,1785120018
6460,112,page_view,1784071267
6461,112,page_view,1782951102
6462,112,page_view,1784015718
6463,112,page_view,1785422203
6464,112,page_view,1785428782
6465,113,page_view,1783185020
6466,113,session_start,1784024331
6467,113,session_start,1783951522
6468,116,session_start,1785142355
6469,116,session_start,1784268958
6470,116,page_view,1784877249
6471,116,page_view,1785058967
6472,121,page_view,1783290512
6473,121,session_start,1784828768
6474,121,page_view,1785360020
6475,122,session_start,1784107295
6476,122,page_view,1783584770
6477,122,session_start,1783418735
6478,122,page_view,1784652352
6479,122,page_view,1785113630
6480,123,page_view,1784602103
6481,123,session_start,1784480263
6482,124,page_view,1783186980
6483,124,session_start,1782987080
6484,124,page_view,1782945720
6485,124,page_view,1783073937
6486,126,page_view,1784718857
6487,126,session_start,1783389597
6488,126,page_view,1784606802
6489,126,page_view,1784779697
6490,127,page_view,1783101375
6491,127,page_view,1783533048
6492,127,page_view,1784513466
6493,132,session_start,1785026409
6494,132,session_start,1783444360
6495,132,page_view,1785125481
6496,132,page_view,1785421004
6497,135,page_view,1782972986
6498,135,session_start,1785033420
6499,135,session_start,1785289641
6500,136,session_start,1785300727
6501,136,session_start,1783516928
6502,136,page_view,1783280260
6503,137,session_start,1785140048
6504,137,page_view,1784147576
6505,138,session_start,1784291810
6506,138,session_start,1783016496
6507,138,page_view,1784853455
6508,138,session_start,1785217098
6509,138,session_start,1784741005
6510,140,session_start,1783425256
6511,140,page_view,1785384443
6512,140,session_start,1783060482
6513,140,session_start,1783286239
6514,140,page_view,1784343092
6515,140,page_view,1783529320
6516,140,page_view,1784817857
6517,140,session_start,1783932690
6518,142,page_view,1783961131
6519,142,page_view,1784777805
6520,142,session_start,1783781737
6521,142,session_start,1784514478
6522,143,page_view,1783989702
6523,143,session_start,1785289798
6524,143,page_view,1783996772
6525,143,page_view,1783289464
6526,143,session_start,1785085854
6527,143,page_view,1783501203
6528,143,page_view,1783091411
6529,143,session_start,1783958926
6530,143,page_view,1783591142
6531,146,page_view,1783899065
6532,146,session_start,1785179899
6533,146,page_view,1783432453
6534,146,session_start,1785034076
6535,146,session_start,1783772564
6536,148,page_view,1785123099
6537,148,session_start,1783437183
6538,148,session_start,1784407310
6539,148,session_start,1782983691
6540,149,session_start,1784998633
6541,149,page_view,1782995841
6542,150,page_view,1783103443
6543,150,session_start,1785530580
6544,150,page_view,1784793148
6545,151,session_start,1783762676
6546,151,session_start,1784679957
6547,154,page_view,1782993581
6548,154,page_view,1783015115
6549,154,session_start,1784659178
6550,154,page_view,1783621334
6551,154,page_view,1785144724
6552,157,page_view,1783788019
6553,157,page_view,1784441159
6554,157,page_view,1783496611
6555,157,session_start,1784728028
6556,157,page_view,1784908266
6557,159,page_view,1783061073
6558,159,page_view,1783317132
6559,159,page_view,1782893726
6560,161,session_start,1785213068
6561,162,session_start,1783280102
6562,164,page_view,1784810591
6563,164,page_view,1783638977
6564,164,page_view,1783943994
6565,164,page_view,1784930881
6566,167,page_view,1783382309
6567,167,session_start,1782932214
6568,168,page_view,1785449928
6569,171,session_start,1784486628
6570,171,session_start,1783946362
6571,172,session_start,1784569853
6572,172,page_view,1783140131
6573,172,session_start,1784345957
6574,172,page_view,1784062851
6575,172,page_view,1783138601
6576,173,session_start,1783116842
6577,173,session_start,1782864364
6578,174,page_view,1783998388
6579,174,page_view,1783626742
6580,174,page_view,1784998738
6581,174,session_start,1782876473
6582,175,page_view,1785380342
6583,175,page_view,1784300984
6584,175,page_view,1785231797
6585,175,page_view,1783964186
6586,175,page_view,1785469262
6587,175,session_start,1784214286
6588,175,page_view,1784848335
6589,175,session_start,1784165911
6590,176,page_view,1784267643
6591,176,session_start,1784785159
6592,176,page_view,1783476753
6593,177,page_view,1784684251
6594,177,session_start,1785453448
6595,177,session_start,1782910599
6596,177,session_start,1783269952
6597,178,page_view,1783265259
6598,178,session_start,1785161903
6599,178,session_start,1783937817
6600,178,session_start,1785487551
6601,182,page_view,1785380133
6602,182,page_view,1783630207
6603,183,page_view,1784905671
6604,183,page_view,1785308250
6605,183,session_start,1785327036
6606,183,session_start,1785335506
6607,183,session_start,1784284546
6608,186,session_start,1783837324
6609,186,page_view,1784365396
6610,186,session_start,1784912279
6611,186,page_view,1784211160
6612,186,page_view,1784851986
6613,186,page_view,1784580513
6614,188,page_view,1784304503
6615,189,page_view,1785070038
6616,189,page_view,1785327060
6617,189,session_start,1783308447
6618,189,page_view,1784684079
6619,192,page_view,1784834694
6620,194,page_view,1783577770
6621,194,session_start,1783518745
6622,195,session_start,1785460530
6623,195,session_start,1782967917
6624,195,session_start,1783020049
6625,195,page_view,1784941222
6626,199,page_view,1785481427
6627,199,page_view,1785433707
6628,199,page_view,1785437447
6629,199,session_start,1785476772
6630,201,page_view,1785468331
6631,204,session_start,1785111230
6632,204,session_start,1784407840
6633,204,page_view,1784287693
6634,204,session_start,1784639489
6635,204,page_view,1783045030
6636,205,page_view,1783511420
6637,205,session_start,1784170975
6638,206,session_start,1783194465
6639,206,session_start,1782937279
6640,206,session_start,1785341682
6641,206,page_view,1784305821
6642,208,session_start,1783767426
6643,208,session_start,1782888488
6644,208,session_start,1782891491
6645,211,session_start,1785445688
6646,211,page_view,1783695316
6647,211,page_view,1783724860
6648,211,session_start,1784953564
6649,211,page_view,1784744836
6650,211,session_start,1783156900
6651,211,page_view,1783094855
6652,211,session_start,1783268592
6653,214,session_start,1785371322
6654,214,page_view,1783020149
6655,217,page_view,1783864517
6656,217,page_view,1785268049
6657,217,session_start,1785492343
6658,217,page_view,1784005866
6659,217,page_view,1783024183
6660,221,session_start,1784931283
6661,221,page_view,1784705474
6662,224,page_view,1785217258
6663,224,page_view,1784765112
6664,224,session_start,1785080687
6665,224,page_view,1783261444
6666,224,session_start,1784986175
6667,224,page_view,1784913144
6668,224,page_view,1783313602
6669,229,session_start,1783705935
6670,229,page_view,1785058498
6671,229,session_start,1783793880
6672,229,session_start,1783754379
6673,231,page_view,1783847599
6674,232,page_view,1784451499
6675,232,session_start,1784184164
6676,236,session_start,1783963886
6677,236,session_start,1785026163
6678,238,page_view,1783384374
6679,238,page_view,1783111156
6680,238,session_start,1783214588
6681,242,page_view,1784836394
6682,242,session_start,1784964071
6683,243,page_view,1784425926
6684,243,page_view,1783363531
6685,243,page_view,1784471239
6686,246,page_view,1784768327
6687,246,page_view,1783811418
6688,246,session_start,1783157198
6689,246,session_start,1784556157
6690,246,session_start,1784989387
6691,247,session_start,1785014501
6692,247,page_view,1783540528
6693,248,page_view,1783509060
6694,248,page_view,1785031863
6695,248,session_start,1785350207
6696,248,session_start,1784777442
6697,248,page_view,1783182007
6698,248,page_view,1782925731
6699,251,session_start,1784997678
6700,251,session_start,1785088847
6701,253,page_view,1784261462
6702,253,page_view,1784474231
6703,253,page_view,1784116056
6704,253,session_start,1785444641
6705,253,session_start,1784033674
6706,253,session_start,1783902253
6707,257,page_view,1783714415
6708,257,session_start,1784633266
6709,257,session_start,1782896919
6710,257,session_start,1785222109
6711,258,session_start,1783036552
6712,258,session_start,1785092857
6713,259,page_view,1783967871
6714,259,session_start,1784536310
6715,261,session_start,1784848114
6716,261,page_view,1785457880
6717,261,session_start,1785471946
6718,261,page_view,1784362700
6719,263,page_view,1784174938
6720,263,page_view,1783498181
6721,263,session_start,1785496608
6722,263,session_start,1784091566
6723,263,page_view,1783739089
6724,264,session_start,1785496232
6725,264,page_view,1783904990
6726,264,page_view,1784390675
6727,266,session_start,1783383472
6728,266,session_start,1785433393
6729,266,page_view,1783308677
6730,267,session_start,1784806822
6731,267,session_start,1785464120
6732,267,page_view,1783035607
6733,268,session_start,1783216040
6734,268,page_view,1784372581
6735,268,session_start,1785201102
6736,271,session_start,1784679709
6737,271,page_view,1783799561
6738,271,session_start,1784389584
6739,271,page_view,1783257012
6740,274,page_view,1783687366
6741,274,page_view,1785377606
6742,276,page_view,1782986233
6743,276,page_view,1783737239
6744,276,page_view,1784165539
6745,276,session_start,1784151527
6746,276,page_view,1783526418
6747,276,page_view,1783255225
6748,276,session_start,1782895873
6749,280,page_view,1783587682
6750,280,page_view,1783117557
6751,283,session_start,1784954404
6752,290,session_start,1784443206
6753,290,page_view,1784977750
6754,290,page_view,1783728432
6755,290,page_view,1785124332
6756,291,page_view,1784886318
6757,292,page_view,1784639951
6758,292,session_start,1783365002
6759,299,session_start,1784952900
6760,299,page_view,1785186069
6761,300,page_view,1785368776
6762,300,page_view,1784781567
6763,300,page_view,1783861866
6764,300,page_view,1785107599
6765,300,session_start,1783783604
6766,300,page_view,1783437788
6767,300,session_start,1783906261
6768,303,page_view,1783972198
6769,303,page_view,1784830072
6770,304,page_view,1784223499
6771,304,page_view,1783769667
6772,304,session_start,1784445716
6773,305,session_start,1783938443
6774,305,session_start,1785197974
6775,305,session_start,1784936084
6776,305,session_start,1782959852
6777,311,page_view,1783720043
6778,311,page_view,1784030647
6779,311,page_view,1785506851
6780,311,page_view,1785501310
6781,312,page_view,1784143204
6782,312,session_start,1782895187
6783,312,session_start,1783856122
6784,313,page_view,1783580915
6785,313,page_view,1784395808
6786,313,session_start,1783596473
6787,313,session_start,1783918973
6788,314,session_start,1784055619
6789,314,page_view,1783996772
6790,314,page_view,1783863535
6791,317,page_view,1784800973
6792,317,session_start,1785275097
6793,317,session_start,1782946156
6794,319,page_view,1784781383
6795,319,session_start,1785036462
6796,319,session_start,1784462105
6797,319,session_start,1783266159
6798,320,page_view,1785355955
6799,322,session_start,1784456219
6800,322,page_view,1784354336
6801,322,page_view,1784927743
6802,322,session_start,1784395000
6803,322,session_start,1785063442
6804,330,page_view,1783688883
6805,330,page_view,1785059877
6806,330,page_view,1783530869
6807,330,page_view,1783087871
6808,330,page_view,1783970597
6809,332,session_start,1783045112
6810,332,session_start,1785338545
6811,332,page_view,1784480802
6812,334,session_start,1784481072
6813,334,session_start,1785062665
6814,334,session_start,1783833399
6815,334,session_start,1784516452
6816,334,page_view,1784864289
6817,334,session_start,1784735254
6818,336,page_view,1784255230
6819,336,page_view,1782874971
6820,336,session_start,1783432588
6821,336,page_view,1783892060
6822,337,session_start,1783525439
6823,337,session_start,1783292348
6824,337,page_view,1784017748
6825,337,page_view,1784249893
6826,337,page_view,1783466992
6827,338,session_start,1784308338
6828,338,session_start,1784781526
6829,338,page_view,1785013727
6830,338,page_view,1784587991
6831,339,page_view,1783960724
6832,339,page_view,1784866113
6833,340,page_view,1783999964
6834,340,page_view,1785157138
6835,340,session_start,1782964388
6836,342,session_start,1783897834
6837,342,page_view,1783190790
6838,342,page_view,1785236127
6839,343,page_view,1783787472
6840,343,page_view,1785508830
6841,343,page_view,1783552563
6842,343,session_start,1783202104
6843,343,page_view,1783680593
6844,343,session_start,1784476677
6845,343,session_start,1784285744
6846,347,page_view,1782927956
6847,347,session_start,1785311125
6848,347,session_start,1783976168
6849,347,session_start,1784985878
6850,347,session_start,1785142082
6851,349,page_view,1784585536
6852,349,session_start,1784051406
6853,349,session_start,1784685695
6854,349,session_start,1784270216
6855,349,page_view,1784750513
6856,350,session_start,1784159079
6857,350,page_view,1784448251
6858,355,session_start,1784127199
6859,355,session_start,1783658680
6860,355,page_view,1785303954
6861,356,session_start,1783044327
6862,356,session_start,1783590945
6863,356,session_start,1783543812
6864,357,session_start,1783811340
6865,357,page_view,1784626781
6866,357,session_start,1785185890
6867,357,page_view,1784402486
6868,357,page_view,1783726517
6869,359,page_view,1785512925
6870,359,page_view,1784419469
6871,359,session_start,1784209069
6872,359,session_start,1783699746
6873,359,page_view,1784194290
6874,359,page_view,1783605003
6875,359,page_view,1784214885
6876,359,page_view,1782952003
6877,365,page_view,1784417021
6878,365,session_start,1783673870
6879,367,session_start,1784732303
6880,367,page_view,1783202443
6881,367,page_view,1784478888
6882,367,session_start,1783360106
6883,367,page_view,1782978859
6884,367,page_view,1784696468
6885,368,session_start,1785360327
6886,368,session_start,1785385629
6887,370,session_start,1785203298
6888,370,page_view,1783097352
6889,370,page_view,1783842370
6890,370,page_view,1784887284
6891,373,page_view,1784440821
6892,373,page_view,1783575446
6893,373,page_view,1784773586
6894,373,page_view,1784751908
6895,373,session_start,1785394694
6896,375,session_start,1783892403
6897,377,session_start,1783552464
6898,377,page_view,1783497240
6899,377,page_view,1785279804
6900,377,session_start,1784205735
6901,382,session_start,1784041176
6902,384,page_view,1785230208
6903,384,page_view,1784624279
6904,385,session_start,1785159621
6905,385,session_start,1785230814
6906,387,page_view,1783121816
6907,387,page_view,1784908955
6908,388,page_view,1785086445
6909,388,page_view,1784139357
6910,388,session_start,1784666414
6911,388,page_view,1785273122
6912,388,page_view,1784007604
6913,389,page_view,1785316622
6914,389,page_view,1785441361
6915,389,session_start,1785442793
6916,389,page_view,1785393259
6917,389,page_view,1785281539
6918,389,page_view,1785426535
6919,389,session_start,1785528482
6920,389,page_view,1785491591
6921,389,page_view,1785299173
6922,389,session_start,1785514873
6923,389,session_start,1785434746
6924,389,page_view,1785410774
6925,389,page_view,1785364236
6926,389,page_view,1785441037
6927,389,page_view,1785394945
6928,390,page_view,1785210528
6929,390,page_view,1785046879
6930,390,session_start,1784852395
6931,390,session_start,1784825764
6932,390,session_start,1785162185
6933,390,page_view,1784729025
6934,390,session_start,1784644007
6935,390,page_view,1784829783
6936,390,session_start,1784975191
6937,390,page_view,1785417352
6938,390,session_start,1785002205
6939,390,page_view,1784934732
6940,390,page_view,1784892451
6941,390,page_view,1784614589
6942,391,page_view,1783441200
6943,391,page_view,1784966582
6944,391,session_start,1785384130
6945,391,session_start,1785147174
6946,391,page_view,1783772916
6947,391,session_start,1784536151
6948,391,page_view,1784913692
6949,391,session_start,1783975884
6950,391,page_view,1784489391
6951,391,session_start,1785323854
6952,391,session_start,1784902153
6953,391,page_view,1785360099
6954,391,session_start,1785441765
6955,391,session_start,1785093128
6956,391,session_start,1784655039
6957,392,page_view,1783802221
6958,392,session_start,1783370504
6959,392,session_start,1784515328
6960,392,page_view,1783952723
6961,392,page_view,1785501440
6962,392,page_view,1784775149
6963,392,session_start,1785010392
6964,392,page_view,1785103668
6965,392,page_view,1785245678
6966,392,page_view,1783390116
6967,392,session_start,1783655091
6968,392,page_view,1783778460
6969,392,page_view,1783004250
6970,392,session_start,1785338136
6971,392,page_view,1783026774
6972,392,session_start,1784237422
6973,392,page_view,1783634022
6974,392,page_view,1783520430
6975,392,page_view,1783228117
6976,392,page_view,1785052203
6977,392,session_start,1783049270
6978,392,page_view,1785052753
6979,392,page_view,1783007995
6980,392,page_view,1784582944
6981,392,page_view,1784807459
6982,392,page_view,1785294276
6983,393,page_view,1784548695
6984,393,session_start,1783469617
6985,393,page_view,1784785488
6986,393,page_view,1784999587
6987,393,session_start,1784573629
6988,393,page_view,1783960523
6989,393,session_start,1785169176
6990,393,page_view,1784881344
6991,393,page_view,1784957343
6992,393,page_view,1782873305
6993,393,session_start,1783367541
6994,393,page_view,1783995946
6995,393,page_view,1785371515
6996,393,session_start,1784551432
6997,393,session_start,1782866593
6998,393,page_view,1785533927
6999,394,page_view,1783032195
7000,394,session_start,1784743899
7001,394,page_view,1783654248
7002,394,page_view,1783190835
7003,394,page_view,1783355660
7004,394,page_view,1783855817
7005,394,session_start,1785497040
7006,394,page_view,1785452876
7007,394,page_view,1785140639
7008,394,page_view,1783144174
7009,394,page_view,1785379511
7010,394,page_view,1783375202
7011,394,page_view,1783721186
7012,394,page_view,1784936141
7013,394,session_start,1784690278
7014,394,session_start,1783697922
7015,395,session_start,1783068874
7016,395,page_view,1784685920
7017,395,page_view,1783991150
7018,395,session_start,1784023915
7019,395,page_view,1783877116
7020,395,session_start,1782886697
7021,395,session_start,1783784121
7022,395,page_view,1785401867
7023,395,session_start,1783828367
7024,395,page_view,1783018651
7025,395,session_start,1784907113
7026,395,session_start,1783325951
7027,395,session_start,1783102692
7028,395,page_view,1784881116
7029,395,session_start,1783197709
7030,395,session_start,1784760936
7031,395,page_view,1783563267
7032,395,session_start,1783016823
7033,395,page_view,1784616845
7034,395,page_view,1785001813
7035,395,page_view,1783730085
7036,395,page_view,1785484485
7037,395,page_view,1784694999
7038,395,page_view,1783415626
7039,395,session_start,1783922272
7040,395,session_start,1783996383
7041,396,session_start,1784542306
7042,396,page_view,1783702759
7043,396,session_start,1784509961
7044,396,page_view,1784913890
7045,396,session_start,1785308579
7046,396,session_start,1784708117
7047,396,page_view,1785088332
7048,396,page_view,1785347286
7049,396,page_view,1784071379
7050,396,session_start,1785286041
7051,396,session_start,1783279551
7052,396,session_start,1784602571
7053,396,session_start,1783127666
7054,396,session_start,1785435244
7055,396,page_view,1785044915
7056,396,session_start,1785265075
7057,396,session_start,1782937075
7058,396,session_start,1783438311
7059,396,session_start,1783506675
7060,396,session_start,1783184107
7061,396,page_view,1784898284
7062,396,page_view,1783964074
7063,396,page_view,1784388437
7064,396,session_start,1784323428
7065,396,session_start,1784484523
7066,397,page_view,1785336962
7067,397,session_start,1783790731
7068,397,session_start,1782956164
7069,397,session_start,1784689881
7070,397,page_view,1783233371
7071,397,session_start,1783641483
7072,397,page_view,1783476373
7073,397,page_view,1784931133
7074,397,session_start,1784279714
7075,397,session_start,1783841211
7076,397,session_start,1785117042
7077,397,page_view,1784463099
7078,397,page_view,1784836697
7079,397,page_view,1784310310
7080,397,session_start,1784826877
7081,397,session_start,1784553425
7082,397,session_start,1784660408
7083,397,session_start,1784122644
7084,397,page_view,1784602563
7085,397,session_start,1784149680
7086,397,session_start,1784978588
7087,397,page_view,1783408303
7088,398,page_view,1784358418
7089,398,page_view,1784086931
7090,398,session_start,1783815041
7091,398,page_view,1784068881
7092,398,session_start,1784796361
7093,398,page_view,1782903385
7094,398,page_view,1784470153
7095,398,session_start,1785086385
7096,398,page_view,1784578752
7097,398,session_start,1784919709
7098,398,session_start,1784810570
7099,398,session_start,1783477098
7100,398,page_view,1784644487
7101,398,page_view,1783791609
7102,398,page_view,1784956381
7103,398,session_start,1783260663
7104,398,session_start,1784566827
7105,398,session_start,1785126093
7106,398,page_view,1785495377
7107,398,page_view,1785494815
7108,398,page_view,1784430047
7109,398,page_view,1783295586
7110,398,page_view,1785305586
7111,398,page_view,1784062162
7112,399,session_start,1784419303
7113,399,session_start,1785327423
7114,399,session_start,1784300009
7115,399,page_view,1784886211
7116,399,session_start,1782984769
7117,399,session_start,1783039285
7118,399,session_start,1784045842
7119,399,page_view,1782937902
7120,399,page_view,1785522091
7121,399,page_view,1784627961
7122,399,page_view,1784081939
7123,399,session_start,1784307636
7124,399,page_view,1782883046
7125,399,page_view,1785404425
7126,399,session_start,1782976054
7127,399,page_view,1784754133
7128,399,page_view,1784772959
7129,399,page_view,1785146860
7130,399,page_view,1785018271
7131,399,session_start,1785044972
7132,399,page_view,1785439650
7133,399,page_view,1783403842
7134,399,page_view,1784311355
7135,399,session_start,1785126957
7136,399,session_start,1783454973
7137,399,session_start,1784162291
7138,399,page_view,1784299023
7139,400,session_start,1783262483
7140,400,page_view,1785038468
7141,400,page_view,1783615758
7142,400,session_start,1784850273
7143,400,session_start,1785480505
7144,400,page_view,1783874843
7145,400,page_view,1783686563
7146,400,page_view,1783380539
7147,400,session_start,1783008241
7148,400,page_view,1784954966
7149,400,page_view,1783540113
7150,400,session_start,1784759390
7151,400,session_start,1784617522
7152,400,page_view,1783367255
7153,400,session_start,1785419803
7154,400,session_start,1784510528
7155,400,session_start,1783621052
7156,400,page_view,1784238971
7157,400,page_view,1784436523
7158,400,session_start,1783576124
7159,400,session_start,1783306894
7160,400,session_start,1784484812
7161,400,session_start,1784734445
7162,400,session_start,1784767410
7163,400,session_start,1783510521
7164,400,page_view,1783632420
7165,400,page_view,1784087393
7166,401,session_start,1784470050
7167,401,page_view,1783064782
7168,401,session_start,1785327201
7169,401,session_start,1783751368
7170,401,page_view,1783392234
7171,401,page_view,1784278612
7172,401,page_view,1783299787
7173,401,session_start,1783564209
7174,401,page_view,1784031716
7175,401,page_view,1783725929
7176,401,page_view,1784564958
7177,401,session_start,1784151747
7178,401,page_view,1783193179
7179,401,session_start,1785533535
7180,401,page_view,1783884470
7181,402,session_start,1785269060
7182,402,page_view,1784409394
7183,402,session_start,1785457762
7184,402,session_start,1784332159
7185,402,page_view,1784976987
7186,402,page_view,1785224274
7187,402,session_start,1784981495
7188,402,session_start,1784823379
7189,402,session_start,1784526362
7190,402,page_view,1784431257
7191,402,session_start,1785145066
7192,402,page_view,1784455460
7193,402,session_start,1784708018
7194,402,page_view,1785091833
7195,402,page_view,1785224144
7196,402,session_start,1784403648
7197,402,session_start,1784617327
7198,402,session_start,1784416678
7199,402,session_start,1784637061
7200,402,session_start,1784598871
7201,402,page_view,1785414985
7202,402,page_view,1784622900
7203,403,page_view,1783429435
7204,403,session_start,1784369192
7205,403,session_start,1784668814
7206,403,page_view,1785071835
7207,403,page_view,1784353829
7208,403,page_view,1784626000
7209,403,page_view,1783452194
7210,403,session_start,1785420744
7211,403,page_view,1783545205
7212,403,session_start,1782894149
7213,403,page_view,1783829709
7214,403,page_view,1783229358
7215,403,session_start,1783117515
7216,403,session_start,1783066318
7217,403,page_view,1785111634
7218,403,session_start,1783043730
7219,403,page_view,1785374149
7220,403,page_view,1785247521
7221,403,page_view,1783839445
7222,403,session_start,1784493467
7223,403,session_start,1783129005
7224,403,page_view,1784459959
7225,403,page_view,1784152778
7226,403,page_view,1784334591
7227,403,session_start,1785071070
7228,403,session_start,1783039662
7229,403,session_start,1784618552
7230,403,session_start,1784421970
7231,403,session_start,1784347509
7232,403,page_view,1784123954
7233,403,page_view,1783225932
7234,403,page_view,1785459494
7235,404,session_start,1785527082
7236,404,page_view,1784829863
7237,404,page_view,1784680320
7238,404,page_view,1785223055
7239,404,session_start,1782925726
7240,404,session_start,1785307077
7241,404,session_start,1784328718
7242,404,session_start,1783710139
7243,404,page_view,1784108596
7244,404,page_view,1784467457
7245,404,session_start,1784239360
7246,404,session_start,1784178135
7247,404,session_start,1783724917
7248,404,session_start,1784652822
7249,404,session_start,1783827093
7250,404,page_view,1783742227
7251,405,session_start,1783663802
7252,405,session_start,1784854815
7253,405,page_view,1783163161
7254,405,session_start,1784423836
7255,405,page_view,1784889799
7256,405,page_view,1783378866
7257,405,page_view,1784350587
7258,405,session_start,1784708319
7259,405,session_start,1785008470
7260,405,page_view,1782995152
7261,405,session_start,1784919817
7262,405,page_view,1783812195
7263,405,page_view,1784965612
7264,405,page_view,1785436901
7265,405,session_start,1783547740
7266,405,page_view,1784820191
7267,405,page_view,1783871485
7268,405,page_view,1782951207
7269,405,session_start,1783466223
7270,405,page_view,1784715576
7271,406,page_view,1784397684
7272,406,page_view,1784343696
7273,406,session_start,1783213803
7274,406,page_view,1783923907
7275,406,session_start,1784461033
7276,406,session_start,1785124672
7277,406,page_view,1783162735
7278,406,page_view,1783115708
7279,406,page_view,1784154834
7280,406,session_start,1784939713
7281,406,session_start,1784881764
7282,406,page_view,1785371206
7283,406,session_start,1784381096
7284,406,session_start,1785460026
7285,406,page_view,1783153243
7286,406,page_view,1783070606
7287,407,page_view,1784208842
7288,407,page_view,1784065432
7289,407,page_view,1784916040
7290,407,page_view,1785497344
7291,407,page_view,1784745920
7292,407,page_view,1783431031
7293,407,page_view,1785202160
7294,407,session_start,1785515199
7295,407,session_start,1784349701
7296,407,page_view,1785240105
7297,407,session_start,1782975505
7298,407,session_start,1785534791
7299,407,session_start,1783305317
7300,407,session_start,1783038757
7301,407,session_start,1783265108
7302,407,page_view,1784463816
7303,408,page_view,1784437450
7304,408,session_start,1784902799
7305,408,page_view,1784124700
7306,408,page_view,1784880866
7307,408,page_view,1785241848
7308,408,session_start,1785256265
7309,408,session_start,1784625923
7310,408,session_start,1784873217
7311,408,session_start,1785298623
7312,408,page_view,1784243203
7313,408,session_start,1785184461
7314,408,session_start,1784153837
7315,408,page_view,1785017790
7316,408,page_view,1785375996
7317,408,page_view,1785256773
7318,408,page_view,1784539582
7319,408,page_view,1785410527
7320,408,page_view,1784380239
7321,408,session_start,1784203357
7322,408,session_start,1785228443
7323,408,session_start,1784122763
7324,408,session_start,1784171501
7325,408,page_view,1785307025
7326,408,page_view,1784298690
7327,409,page_view,1784816104
7328,409,session_start,1784409459
7329,409,page_view,1785284299
7330,409,page_view,1784856379
7331,409,page_view,1785223650
7332,409,session_start,1784994191
7333,409,session_start,1784927253
7334,409,page_view,1784656160
7335,409,page_view,1785222329
7336,409,session_start,1784469118
7337,409,page_view,1784016773
7338,409,page_view,1784360230
7339,409,session_start,1784092218
7340,409,session_start,1785471619
7341,409,session_start,1783898026
7342,409,page_view,1784330285
7343,409,page_view,1785069820
7344,409,page_view,1785409693
7345,410,session_start,1784710221
7346,410,session_start,1785141985
7347,410,page_view,1783392504
7348,410,page_view,1785390497
7349,410,page_view,1783627889
7350,410,session_start,1785061683
7351,410,page_view,1783330789
7352,410,page_view,1785074591
7353,410,session_start,1783040669
7354,410,session_start,1782926116
7355,410,session_start,1784093897
7356,410,page_view,1783592897
7357,410,session_start,1784359230
7358,410,page_view,1784370729
7359,410,page_view,1784118817
7360,411,page_view,1783157795
7361,411,page_view,1785539259
7362,411,page_view,1783825906
7363,411,session_start,1784277669
7364,411,session_start,1784228576
7365,411,page_view,1784153754
7366,411,page_view,1783133402
7367,411,page_view,1784179059
7368,411,page_view,1783061574
7369,411,page_view,1784157144
7370,411,page_view,1784598498
7371,411,page_view,1785523949
7372,411,session_start,1783714999
7373,411,page_view,1783182693
7374,411,page_view,1784943980
7375,411,session_start,1784397212
7376,411,session_start,1784642391
7377,411,page_view,1783303394
7378,411,page_view,1784051982
7379,411,session_start,1785356780
7380,412,page_view,1782902133
7381,412,page_view,1784544912
7382,412,page_view,1783295986
7383,412,page_view,1784670782
7384,412,page_view,1784927385
7385,412,page_view,1784177621
7386,412,page_view,1785156100
7387,412,page_view,1783432633
7388,412,page_view,1783987482
7389,412,page_view,1785526997
7390,412,page_view,1783028817
7391,412,session_start,1783627527
7392,412,session_start,1782864462
7393,412,session_start,1783286337
7394,412,session_start,1785393827
7395,71,page_view,1782947863
7396,71,page_view,1783477264
7397,42,page_view,1783247791
7398,42,page_view,1783304272
7399,173,session_start,1782987473
7400,173,session_start,1783053673
7401,173,session_start,1783108483
7402,276,page_view,1783853362
7403,276,page_view,1783347437
7404,117,page_view,1783749683
7405,117,page_view,1783788889
7406,117,page_view,1783969466
7407,117,session_start,1782948182
7408,55,session_start,1783670490
7409,55,session_start,1783841743
7410,55,page_view,1783447318
7411,285,session_start,1783251536
7412,2,session_start,1781266924
7413,2,session_start,1780620343
7414,3,page_view,1782430770
7415,3,page_view,1782374207
7416,3,session_start,1781107221
7417,4,page_view,1780598534
7418,6,session_start,1780696486
7419,7,page_view,1780742748
7420,7,page_view,1781592599
7421,7,page_view,1781882444
7422,8,session_start,1782151996
7423,8,session_start,1782092028
7424,10,page_view,1781566981
7425,12,session_start,1780317284
7426,12,page_view,1780719295
7427,15,page_view,1780571878
7428,16,session_start,1781128885
7429,16,page_view,1781522946
7430,16,page_view,1782725957
7431,16,session_start,1781791538
7432,16,page_view,1781118373
7433,17,session_start,1782480728
7434,17,session_start,1781048264
7435,18,page_view,1780980656
7436,19,page_view,1780831150
7437,22,session_start,1780797242
7438,23,page_view,1781073688
7439,25,page_view,1781220649
7440,26,page_view,1782163512
7441,27,session_start,1781972636
7442,27,page_view,1782101565
7443,29,page_view,1781966469
7444,29,session_start,1782672542
7445,30,page_view,1782686557
7446,33,session_start,1780946987
7447,3,session_start,1773877825
7448,6,page_view,1773930203
7449,8,session_start,1773664821
7450,8,page_view,1772917019
7451,9,page_view,1772902676
7452,10,page_view,1773447139
7453,16,session_start,1772988159
7454,17,page_view,1773234805
7455,17,page_view,1774266196
7456,34,session_start,1774548400
7457,38,page_view,1772805190
7458,42,page_view,1773772667
7459,45,session_start,1773763501
7460,52,session_start,1772594341
7461,64,page_view,1772666473
7462,83,page_view,1773734817
7463,83,page_view,1773378719
7464,84,page_view,1774864779
7465,84,page_view,1774047770
7466,105,session_start,1772365969
7467,119,session_start,1774689093
7468,134,session_start,1772882909
7469,136,session_start,1772526050
7470,141,page_view,1773956712
7471,142,session_start,1774791085
7472,170,page_view,1774487560
7473,173,page_view,1772864095
7474,178,page_view,1774914003
7475,183,page_view,1773225481
7476,214,page_view,1772695882
7477,222,page_view,1774782291
7478,248,session_start,1774335489
7479,259,page_view,1772977400
7480,261,page_view,1774512801
7481,262,session_start,1772953152
7482,263,session_start,1772724214
7483,263,page_view,1773845404
7484,307,page_view,1772584124
7485,314,page_view,1772916401
7486,337,page_view,1772821844
7487,340,page_view,1774890079
7488,350,session_start,1774057693
7489,352,page_view,1772409071
7490,352,session_start,1773241193
7491,357,session_start,1773868336
7492,371,page_view,1773751555
7493,376,session_start,1772758669
7494,392,page_view,1774139199
7495,393,session_start,1774677790
7496,393,page_view,1773478120
7497,394,page_view,1773643968
7498,394,page_view,1774112194
7499,398,session_start,1774333708
7500,399,page_view,1774365385
7501,400,page_view,1774142373
7502,400,page_view,1773663168
7503,400,page_view,1773707672
7504,400,page_view,1772502314
7505,404,page_view,1772420986
7506,406,session_start,1773679317
7507,410,page_view,1773821629
7508,411,page_view,1772487464
7509,411,page_view,1773939471
7510,411,session_start,1774663925
7511,411,session_start,1773062942
7512,411,session_start,1773127066
7513,411,page_view,1773564064
7514,412,page_view,1774698370
7515,12,page_view,1775079554
7516,39,session_start,1777473642
7517,45,page_view,1776648169
7518,52,page_view,1775005739
7519,52,session_start,1776416275
7520,52,page_view,1777135100
7521,58,session_start,1776259366
7522,78,page_view,1776150188
7523,81,session_start,1776005185
7524,104,page_view,1775988828
7525,120,page_view,1775254881
7526,127,session_start,1777056842
7527,133,page_view,1775121979
7528,138,session_start,1775385832
7529,143,page_view,1776129667
7530,162,page_view,1776134158
7531,165,session_start,1776510874
7532,165,page_view,1776312284
7533,168,page_view,1775673406
7534,172,session_start,1776356157
7535,174,page_view,1776756152
7536,184,session_start,1775096352
7537,205,session_start,1776904178
7538,205,page_view,1776877789
7539,211,page_view,1775563418
7540,211,page_view,1775200887
7541,211,session_start,1776654770
7542,215,page_view,1775958457
7543,248,page_view,1775766388
7544,251,session_start,1777319881
7545,255,session_start,1776566080
7546,258,page_view,1775355929
7547,265,page_view,1776060295
7548,269,page_view,1776922640
7549,269,session_start,1777417552
7550,274,page_view,1777094694
7551,274,session_start,1775962159
7552,293,page_view,1777338751
7553,295,page_view,1777471799
7554,300,session_start,1776278467
7555,302,page_view,1775434149
7556,304,page_view,1775699486
7557,334,session_start,1775471529
7558,342,page_view,1775688080
7559,356,session_start,1775873574
7560,378,page_view,1775280400
7561,381,page_view,1777062157
7562,381,page_view,1776309886
7563,392,page_view,1777538556
7564,392,session_start,1776955121
7565,394,page_view,1777393521
7566,394,session_start,1777498191
7567,398,session_start,1776191894
7568,398,page_view,1777193562
7569,398,page_view,1775792292
7570,399,session_start,1775664618
7571,399,session_start,1776974025
7572,400,session_start,1775282872
7573,400,session_start,1775188801
7574,405,page_view,1776391018
7575,406,session_start,1775421391
7576,406,page_view,1777433361
7577,406,page_view,1775457998
7578,410,page_view,1776344977
7579,410,page_view,1777127849
7580,410,session_start,1777352549
7581,411,page_view,1775913459
7582,411,page_view,1775549964
7583,412,session_start,1775537047
7584,1,page_view,1779474590
7585,12,page_view,1778127897
7586,12,page_view,1779012317
7587,23,session_start,1779289404
7588,26,page_view,1779997332
7589,35,page_view,1778778885
7590,48,session_start,1779550384
7591,77,page_view,1778833838
7592,95,page_view,1777618874
7593,106,session_start,1779819438
7594,106,session_start,1778658420
7595,113,page_view,1780000376
7596,119,page_view,1778116452
7597,167,page_view,1779821947
7598,172,session_start,1778347128
7599,186,session_start,1779402051
7600,221,page_view,1777976728
7601,222,session_start,1778035956
7602,222,page_view,1778265173
7603,230,page_view,1779645416
7604,236,session_start,1779746787
7605,239,session_start,1778771316
7606,275,session_start,1778293630
7607,276,page_view,1779815996
7608,297,page_view,1778481926
7609,297,page_view,1778308996
7610,303,page_view,1780076492
7611,308,page_view,1779481217
7612,311,page_view,1778081200
7613,343,session_start,1778853288
7614,350,page_view,1778233664
7615,352,page_view,1779206971
7616,357,session_start,1779790802
7617,362,page_view,1780155016
7618,365,session_start,1778759398
7619,386,page_view,1779221403
7620,392,session_start,1778410259
7621,393,session_start,1777782634
7622,393,session_start,1778809227
7623,393,page_view,1778003146
7624,393,page_view,1778858728
7625,394,page_view,1779606828
7626,398,session_start,1779214108
7627,399,session_start,1779267230
7628,399,page_view,1780110661
7629,400,page_view,1779201797
7630,400,page_view,1778349165
7631,403,session_start,1780113123
7632,403,session_start,1779924180
7633,406,session_start,1777856147
7634,406,page_view,1778240317
7635,410,page_view,1780086928
7636,410,session_start,1779932151
7637,412,session_start,1779088853
7638,412,session_start,1780204971
7639,39,session_start,1780856788
7640,42,page_view,1782441959
7641,42,session_start,1781367644
7642,45,page_view,1782244390
7643,45,page_view,1782074070
7644,46,page_view,1782392615
7645,77,session_start,1781458818
7646,77,session_start,1782080645
7647,77,page_view,1781692329
7648,90,page_view,1781229858
7649,124,page_view,1782120465
7650,130,page_view,1781870939
7651,132,page_view,1781902157
7652,132,page_view,1781528641
7653,142,page_view,1781935643
7654,142,page_view,1781683460
7655,147,session_start,1781073247
7656,150,page_view,1780815003
7657,151,session_start,1780505752
7658,173,session_start,1782498210
7659,184,session_start,1782794794
7660,197,session_start,1782515768
7661,197,session_start,1781184145
7662,216,page_view,1781095006
7663,219,page_view,1782201289
7664,224,page_view,1782453516
7665,231,page_view,1782415272
7666,238,page_view,1782860369
7667,246,page_view,1782376442
7668,246,page_view,1781597009
7669,252,page_view,1782386246
7670,255,page_view,1781288399
7671,272,page_view,1780599525
7672,290,page_view,1780340559
7673,292,page_view,1780612316
7674,293,page_view,1780360443
7675,295,page_view,1781672941
7676,298,session_start,1781270147
7677,298,session_start,1782719579
7678,302,page_view,1780858294
7679,302,session_start,1782431607
7680,308,page_view,1782039889
7681,310,session_start,1782463810
7682,317,page_view,1782390690
7683,319,page_view,1781365165
7684,325,session_start,1782578919
7685,342,session_start,1781090894
7686,349,session_start,1781556451
7687,352,page_view,1780434512
7688,355,page_view,1782694883
7689,355,session_start,1782276283
7690,356,session_start,1781812638
7691,380,page_view,1780923268
7692,387,session_start,1782149565
7693,392,page_view,1781071528
7694,393,page_view,1781227390
7695,393,session_start,1782023122
7696,393,page_view,1782159489
7697,394,page_view,1781949053
7698,394,page_view,1780458688
7699,395,session_start,1782062935
7700,396,session_start,1781571921
7701,396,page_view,1782424700
7702,396,session_start,1782449202
7703,396,page_view,1781580816
7704,397,page_view,1782161915
7705,397,page_view,1782254260
7706,398,session_start,1781786423
7707,399,session_start,1782591051
7708,399,page_view,1780339939
7709,400,session_start,1780900001
7710,400,session_start,1782698729
7711,400,session_start,1782570335
7712,400,session_start,1780667802
7713,401,page_view,1781334973
7714,403,session_start,1780884625
7715,403,page_view,1780802292
7716,403,page_view,1780917178
7717,403,session_start,1781197275
7718,406,page_view,1782450451
7719,410,session_start,1781067565
7720,411,page_view,1781141040
7721,412,page_view,1780335318
7722,2,session_start,1782981685
7723,19,page_view,1785370802
7724,22,session_start,1784475755
7725,26,page_view,1783655917
7726,32,page_view,1785271219
7727,32,session_start,1783256152
7728,40,page_view,1785145768
7729,45,page_view,1785396682
7730,48,page_view,1783138595
7731,50,page_view,1784407353
7732,55,page_view,1782968448
7733,59,page_view,1783195524
7734,61,session_start,1783187585
7735,77,session_start,1785367697
7736,80,page_view,1783590286
7737,89,session_start,1785049176
7738,96,page_view,1783227512
7739,102,session_start,1785227654
7740,109,session_start,1785474413
7741,112,page_view,1785120018
7742,117,session_start,1784757177
7743,142,page_view,1784777805
7744,143,page_view,1783996772
7745,143,page_view,1783591142
7746,146,session_start,1785179899
7747,159,session_start,1783015433
7748,174,session_start,1783588210
7749,175,page_view,1784300984
7750,176,session_start,1784616095
7751,182,session_start,1783164533
7752,182,page_view,1785380133
7753,199,session_start,1785476772
7754,214,page_view,1783020149
7755,229,session_start,1783754379
7756,236,page_view,1785200212
7757,236,session_start,1785026163
7758,246,page_view,1783811418
7759,247,page_view,1783540528
7760,249,page_view,1785271418
7761,304,page_view,1784223499
7762,305,session_start,1783938443
7763,312,page_view,1785059623
7764,317,session_start,1782946156
7765,320,page_view,1785355955
7766,322,page_view,1784777909
7767,338,page_view,1784587991
7768,342,page_view,1783190790
7769,357,page_view,1784402486
7770,359,session_start,1785448630
7771,373,page_view,1784773586
7772,385,page_view,1784737301
7773,388,page_view,1784007604
7774,389,page_view,1785441037
7775,390,session_start,1785168026
7776,391,page_view,1784913692
7777,392,page_view,1785501440
7778,392,page_view,1783140969
7779,392,page_view,1785052753
7780,394,page_view,1784936141
7781,395,page_view,1785327392
7782,397,page_view,1784463099
7783,398,session_start,1783770122
7784,398,page_view,1784997956
7785,398,session_start,1785126093
7786,399,session_start,1783089738
7787,400,session_start,1783045296
7788,401,page_view,1783392234
7789,402,page_view,1785414985
7790,403,session_start,1785071070
7791,403,page_view,1785459494
7792,404,page_view,1784182412
7793,405,page_view,1785470337
7794,407,page_view,1783431031
7795,408,page_view,1784678366
7796,408,page_view,1784878728
7797,409,page_view,1785284299
7798,409,page_view,1784656160
7799,409,page_view,1784360230
7800,410,session_start,1784710221
7801,410,session_start,1785061683
7802,411,page_view,1784179059
7803,412,page_view,1782902133
7804,215,session_start,1783772819
